年級,向度,編號,班別,科目名稱,任課教授,"上課時數
正課/實驗實習/書報討論",學分,選必,上課時間,上課地點,限修人數,課程大綱,備註
1,,4100008,1,"程式語言
Programming Languages",蕭承諺 ,"3
3/0/0",3,必修,"一F,G",創新大樓341,80,link,"保留新生50人; 支援數學系一年級. ,列入程式設計學程科目"
1,,4101002,1,"程式語言
Programming Languages",王俊堯 ,"3
3/0/0",3,必修,二F 四F,電算中心215教室,70,link,"保留新生56人; 支援機械系光機電整合工程組機械系機械工程組一年級. ,列入大數據經濟分析學分學程科目"
1,,4101002,2,"程式語言
Programming Languages",蔡政宇 ,"3
3/0/0",3,必修,二B 四B,創新大樓201,42,link,"保留新生42人; 支援機械系光機電整合工程組機械系機械工程組一年級. ,列入大數據經濟分析學分學程科目"
1,,4101012,1,"資訊概論
Introduction to Information Science",林維暘 ,"2
2/0/0",2,必修,"一8,9",工學院A館001,120,link,"保留新生90人限本系生修. ,列入程式設計學程科目"
1,,4101021,1,"單板機與深度學習應用入門
Single-board Computer and Deep Learning",蔡政宇 ,"1
1/0/0",1,選修,三5,活動中心B1自造基地,80,link,",列入青銀共創跨域學分學程科目"
1,,4101022,1,"物聯網與網頁應用程式開發
IoT and Web Application Development",蔡政宇 ,"1
1/0/0",1,選修,三4,活動中心B1自造基地,80,link,",列入青銀共創跨域學分學程科目"
1,,4101031,1,"程式設計（一）
Program Design (I)
(全英語授課/English-taught) ",程芙茵 ,"3
3/0/0",3,必修,二E 四E,工學院A館101,80,link,"保留新生50人限本系生修. ,列入電子商務學程科目 ,列入軟體工程學程科目 ,列入功能性基因體學程科目 ,列入程式設計學程科目 ,列入大數據經濟分析學分學程科目 ,列入金融科技學分學程科目 ,列入人工智慧與電腦審計學程科目限修80人"
1,,4101031,2,"程式設計（一）
Program Design (I)",王銘宏 ,"3
3/0/0",3,必修,二C 四C,創新大樓341,80,link,"保留新生50人限本系生修. ,列入電子商務學程科目 ,列入軟體工程學程科目 ,列入功能性基因體學程科目 ,列入程式設計學程科目 ,列入大數據經濟分析學分學程科目 ,列入金融科技學分學程科目 ,列入人工智慧與電腦審計學程科目限修80人"
1,,4101033,1,"程式設計實習（一）
Quiz Section for Program Design (I)",程芙茵 ,"2
0/2/0",1,必修,"一13,14",創新大樓341,40,link,"保留新生25人限本系生修. ,列入電子商務學程科目限修40人"
1,,4101033,2,"程式設計實習（一）
Quiz Section for Program Design (I)",程芙茵 ,"2
0/2/0",1,必修,"三13,14",創新大樓341,40,link,"保留新生25人限本系生修. ,列入電子商務學程科目限修40人"
1,,4101033,3,"程式設計實習（一）
Quiz Section for Program Design (I)",王銘宏 ,"2
0/2/0",1,必修,"二13,14",創新大樓341,40,link,"保留新生25人限本系生修. ,列入電子商務學程科目限修40人"
1,,4101033,4,"程式設計實習（一）
Quiz Section for Program Design (I)",王銘宏 ,"2
0/2/0",1,必修,"四13,14",創新大樓341,40,link,"保留新生25人限本系生修. ,列入電子商務學程科目限修40人"
1,,4101036,1,"智慧計算系統
Intelligent Computing System
(遠距教學/Distant learning) ",游寶達 ,"1
1/0/0",1,選修,三7,活動中心B1自造基地,80,link,https://ecourse2.ccu.edu.tw/
1,,4101037,1,"量子基礎數學
Quantum Fundamental Mathematics
(遠距教學/Distant learning) ",游寶達 ,"1
1/0/0",1,選修,三8,活動中心B1自造基地,80,link,https://ecourse2.ccu.edu.tw/
1,,4101155,1,"線性代數
Linear Algebra",柳金章 ,"3
3/0/0",3,必修,一B 三B,工學院A館104,63,link,"保留新生40人限本系生修. ,列入程式設計學程科目限修63人"
1,,4101155,2,"線性代數
Linear Algebra",柯仁松 ,"3
3/0/0",3,必修,一B 三B,工學院A館101,63,link,"保留新生50人限本系生修. ,列入程式設計學程科目限修63人"
2,,4102001,1,"數位電子學
Electronic Circuits and Electronics
(遠距教學/Distant learning) (全英語授課/English-taught) ",鍾菁哲 ,"3
3/0/0",3,必修,"三E,F",工學院A館001,126,link,限本系生修.限修126人                    https://ecourse2.ccu.edu.tw/
2,,4102003,1,"數位電子學實驗
Electronic Circuits and Electronics Lab.",鍾菁哲 ,"2
0/2/0",1,必修,"一13,14",工學院A館206,48,link,限本系生修.限修48人
2,,4102003,2,"數位電子學實驗
Electronic Circuits and Electronics Lab.",鍾菁哲 ,"2
0/2/0",1,必修,"三13,14",工學院A館206,48,link,限本系生修.限修48人
2,,4102013,1,"機率論
Probability Theory",李新林 ,"3
3/0/0",3,必修,一B 三B,工學院A館205,63,link,"限本系生修. ,列入大數據經濟分析學分學程科目限修63人"
2,,4102013,2,"機率論
Probability Theory",黃啟富 ,"3
3/0/0",3,必修,一G 三G,創新大樓324,63,link,"限本系生修. ,列入大數據經濟分析學分學程科目限修63人"
2,,4102050,1,"組合語言
Assembly Language
(遠距教學/Distant learning) ",陳鵬升 ,"3
3/0/0",3,選修,一C 三C,工學院A館001,120,link,限本系生修.https://ecourse2.ccu.edu.tw/
2,,4102062,1,"資料結構
Data Structure",郭建志 ,"3
3/0/0",3,必修,二F 四F,工學院A館101,63,link,"先修科目(4101005)計算機概論（一）(及格) (4101006)計算機概論（二）(及格) (4101031)程式設計（一）(及格) (4101032)程式設計（二）(及格) (只要符合任一先修條件)限本系生修. ,列入組織工程學程科目 ,列入軟體工程學程科目 ,列入功能性基因體學程科目 ,列入程式設計學程科目 ,列入大數據經濟分析學分學程科目 ,列入金融科技學分學程科目 ,列入人工智慧與電腦審計學程科目限修63人"
2,,4102062,2,"資料結構
Data Structure
(遠距教學/Distant learning) (全英語授課/English-taught) ",薛幼苓 ,"3
3/0/0",3,必修,"四E,F",創新大樓322,63,link,"先修科目(4101005)計算機概論（一）(及格) (4101006)計算機概論（二）(及格) (4101031)程式設計（一）(及格) (4101032)程式設計（二）(及格) (只要符合任一先修條件)限本系生修. ,列入組織工程學程科目 ,列入軟體工程學程科目 ,列入功能性基因體學程科目 ,列入程式設計學程科目 ,列入大數據經濟分析學分學程科目 ,列入金融科技學分學程科目 ,列入人工智慧與電腦審計學程科目限修63人  https://ecourse2.ccu.edu.tw/"
3,,4103001,1,"作業系統概論
Introduction  to Operating System
(遠距教學/Distant learning) ",羅習五 ,"3
3/0/0",3,必修,"二E,F",創新大樓326,72,link,限本系生修.限修72人  https://ecourse2.ccu.edu.tw/
3,,4103001,2,"作業系統概論
Introduction  to Operating System",梁郁珮 ,"3
3/0/0",3,必修,二G 四G,工學院A館101,63,link,限本系生修.限修63人
3,,4103022,1,"軟體工程
Software Engineering
(遠距教學/Distant learning) ",熊博安 ,"3
3/0/0",3,選修,"三E,F",工學院A館101,90,link,"限本系生修. ,列入軟體工程學程科目 ,列入程式設計學程科目https://ecourse2.ccu.edu.tw/"
3,,4103026,1,"多媒體技術概論
Introduction to Multimedia Technology
(全英語授課/English-taught) ",江振國 ,"3
3/0/0",3,選修,"四E,F",創新大樓324,70,link,
3,,4103055,1,"計算機組織
Computer Organization",林泰吉 ,"3
3/0/0",3,必修,一C 三C,工學院A館101,63,link,限本系生修.限修63人
3,,4103055,2,"計算機組織
Computer Organization
(遠距教學/Distant learning) ",張榮貴 ,"3
3/0/0",3,必修,二B 四B,工學院A館101,63,link,限本系生修.限修63人 https://ecourse2.ccu.edu.tw/
3,,4103061,1,"數值分析
Numerical Analysis",邱志義 ,"3
3/0/0",3,選修,一D 三D,創新大樓322,65,link,",列入程式設計學程科目 ,列入大數據經濟分析學分學程科目"
3,,4103800,1,"資訊工程研討
Computer Science Seminars",鍾菁哲 ,"2
0/0/2",1,必修,"一8,9",工學院A館101,90,link,限本系生修.
4,,4104046,1,"電信網路概論
Introduction  to Telecommunication Network",江為國 ,"3
3/0/0",3,選修,三C 五C,工學院A館205,65,link,限本系生修.
4,,4104051,1,"個人軟體程序程式
Personal  Software  Process",柯仁松 ,"3
3/0/0",3,選修,一C 三C,工學院A館204,40,link,
4,,4104072,1,"巨量資料運算導論
Introduction to Big Data Computing
(遠距教學/Distant learning) ",蘇育生 ,"3
3/0/0",3,選修,"四C,D",創新大樓324,20,link,"限本系生修.限修20人，優先給資工系大三及大四選修, https://ecourse2.ccu.edu.tw/"
4,,4104801,1,"專題實驗（二）
Computer Project (II)",羅習五 ,"4
0/4/0",2,必修,"五12,13,14,15",工學院A館101,90,link,"限本系生修. ,列入資通安全學程(1091起停辦)科目限多媒體訊號處理領域: 柳金章、林維暘、劉興民、劉偉名、江振國、程芙茵、邱志義、盧沛怡老師之指導專題生選修。"
4,,4104801,2,"專題實驗（二）
Computer Project (II)",林泰吉 ,"4
0/4/0",2,必修,"五12,13,14,15",工學院A館001,120,link,"限本系生修. ,列入資通安全學程(1091起停辦)科目限計算機理論領域: 李新林、黃耀廷、陳立軒老師之專題生選修。"
4,,4104801,3,"專題實驗（二）
Computer Project (II)",林柏青 ,"4
0/4/0",2,必修,"五12,13,14,15",工學院A館104,65,link,"限本系生修. ,列入資通安全學程(1091起停辦)科目限網路與數位學習領域: 游寶達、林柏青、柯仁松、江為國、黃啟富、郭建志、蘇育生、阮文齡老師之專題生選修。"
4,,4104801,4,"專題實驗（二）
Computer Project (II)",陳立軒 ,"4
0/4/0",2,必修,"四12,13,14,15",工學院A館205,65,link,"限本系生修. ,列入資通安全學程(1091起停辦)科目限SOC領域: 張榮貴、鍾菁哲、陳鵬升、林泰吉、梁郁珮老師之專題生選修"
4,,4104801,5,"專題實驗（二）
Computer Project (II)",游寶達 ,"4
0/4/0",2,必修,"五12,13,14,15",工學院A館103,20,link,"限本系生修. ,列入資通安全學程(1091起停辦)科目限系統軟體領域: 熊博安、林迺衛、羅習五、薛幼苓、王銘宏老師專題生選修。"
1,,2101003,1,"微積分（一）
Calculus (I)",陳孟豁 ,"4
3/1/0",3,必修,二C 三6 四C,共同教室大樓216,100,link,"保留新生80人; 支援心理系經濟學系一年級. ,列入國際菁英學分學程科目星期三第6節為演習課，上課地點改至管院106教室"
1,,2101003,2,"微積分（一）
Calculus (I)",黃志強 ,"4
3/1/0",3,必修,二C 三6 四C,共同教室大樓215,90,link,"保留新生80人; 支援心理系經濟學系一年級. ,列入國際菁英學分學程科目星期三第6節為演習課，上課地點改至管院107教室"
1,,2101003,3,"微積分（一）
Calculus (I)",王琪仁 ,"4
3/1/0",3,必修,一C 三C 四6,共同教室大樓215,90,link,"保留新生80人; 支援企管系會資系一年級. ,列入國際菁英學分學程科目"
1,,2101003,4,"微積分（一）
Calculus (I)",紀美秀 ,"4
3/1/0",3,必修,一C 三C 四6,共同教室大樓211,100,link,"保留新生80人; 支援企管系會資系一年級. ,列入國際菁英學分學程科目"
1,,2101019,1,"微積分（一）
Calculus (I)",尤玲凰 ,"4
3/1/0",3,必修,一C 三C 四6,共同教室大樓422,90,link,保留新生85人; 支援資工系電機系機械系光機電整合工程組機械系機械工程組化工系通訊系一年級.
1,,2101019,2,"微積分（一）
Calculus (I)",賴振耀 ,"4
3/1/0",3,必修,一C 三C 四6,數學館201,90,link,保留新生85人; 支援資工系電機系機械系光機電整合工程組機械系機械工程組化工系通訊系一年級.
1,,2101019,3,"微積分（一）
Calculus (I)",廖文欽 ,"4
3/1/0",3,必修,一C 三C 四6,共同教室大樓208,55,link,保留新生52人; 支援資工系電機系化工系通訊系一年級.
1,,2101019,4,"微積分（一）
Calculus (I)",徐淑裕 ,"4
3/1/0",3,必修,一C 三C 四6,共同教室大樓204,55,link,保留新生52人; 支援資工系電機系化工系通訊系一年級.
1,,2101019,5,"微積分（一）
Calculus (I)",褚孫錦 ,"4
3/1/0",3,必修,一C 三C 四6,共同教室大樓214,55,link,保留新生52人; 支援資工系電機系化工系通訊系一年級.
1,,2101019,6,"微積分（一）
Calculus (I)",張守德 ,"4
3/1/0",3,必修,一C 三C 四6,共同教室大樓206,55,link,保留新生52人; 支援資工系電機系化工系通訊系一年級.
1,,2101019,7,"微積分（一）
Calculus (I)",教師未定 ,"4
3/1/0",3,必修,一6 二C 四C,共同教室大樓203,55,link,保留新生50人; 支援地環系一年級.星期一第6節為演習課，上課地點改至數學館203教室
1,中國語文知識與應用,7101136,1,"大學國文：現代文學
College Chinese: Modern Literature",馬玉紅 ,"2
2/0/0",2,通識,"二2,3",共同教室大樓201,50,link,保留新生48人.第一階段限大一新生選修，第二階段開放全部年級學生選修；中文系學生不得選修；大三以上之學生，若尚未修習完「中文閱讀與生命書寫」，請於開學後至選課系統選修「大學國文」課程，以補足通識國文學分。
1,中國語文知識與應用,7101136,2,"大學國文：現代文學
College Chinese: Modern Literature",馬玉紅 ,"2
2/0/0",2,通識,"二10,11",共同教室大樓201,50,link,保留新生48人.第一階段限大一新生選修，第二階段開放全部年級學生選修；中文系學生不得選修；大三以上之學生，若尚未修習完「中文閱讀與生命書寫」，請於開學後至選課系統選修「大學國文」課程，以補足通識國文學分。
1,中國語文知識與應用,7101137,1,"大學國文：現代小說及散文選讀
College Chinese: Selected Readings of Modern classic Novels",陳伯謙 ,"2
2/0/0",2,通識,"一2,3",共同教室大樓203,50,link,保留新生48人.第一階段限大一新生選修，第二階段開放全部年級學生選修；中文系學生不得選修；大三以上之學生，若尚未修習完「中文閱讀與生命書寫」，請於開學後至選課系統選修「大學國文」課程，以補足通識國文學分。
1,中國語文知識與應用,7101137,2,"大學國文：現代小說及散文選讀
College Chinese: Selected Readings of Modern classic Novels",陳伯謙 ,"2
2/0/0",2,通識,"一10,11",共同教室大樓203,50,link,保留新生48人.第一階段限大一新生選修，第二階段開放全部年級學生選修；中文系學生不得選修；大三以上之學生，若尚未修習完「中文閱讀與生命書寫」，請於開學後至選課系統選修「大學國文」課程，以補足通識國文學分。
1,中國語文知識與應用,7101138,1,"大學國文：先秦神話選讀
College Chinese: Selected Readings in Myth of the Pre-Qin Dynasty",陳厚任 ,"2
2/0/0",2,通識,"一2,3",共同教室大樓204,50,link,保留新生48人.第一階段限大一新生選修，第二階段開放全部年級學生選修；中文系學生不得選修；大三以上之學生，若尚未修習完「中文閱讀與生命書寫」，請於開學後至選課系統選修「大學國文」課程，以補足通識國文學分。
1,中國語文知識與應用,7101138,2,"大學國文：先秦神話選讀
College Chinese: Selected Readings in Myth of the Pre-Qin Dynasty",陳厚任 ,"2
2/0/0",2,通識,"一10,11",共同教室大樓204,50,link,保留新生48人.第一階段限大一新生選修，第二階段開放全部年級學生選修；中文系學生不得選修；大三以上之學生，若尚未修習完「中文閱讀與生命書寫」，請於開學後至選課系統選修「大學國文」課程，以補足通識國文學分。
1,中國語文知識與應用,7101139,1,"大學國文：紅樓夢
College Chinese: The Story of the Stone",陳逸根 ,"2
2/0/0",2,通識,"二2,3",共同教室大樓205,50,link,保留新生48人.第一階段限大一新生選修，第二階段開放全部年級學生選修；中文系學生不得選修；大三以上之學生，若尚未修習完「中文閱讀與生命書寫」，請於開學後至選課系統選修「大學國文」課程，以補足通識國文學分。
1,中國語文知識與應用,7101140,1,"大學國文：敘事文學與人生
College Chinese: Narrative Literature and Life",廖浿晴 ,"2
2/0/0",2,通識,"四2,3",共同教室大樓201,50,link,保留新生48人.第一階段限大一新生選修，第二階段開放全部年級學生選修；中文系學生不得選修；大三以上之學生，若尚未修習完「中文閱讀與生命書寫」，請於開學後至選課系統選修「大學國文」課程，以補足通識國文學分。
1,中國語文知識與應用,7101140,2,"大學國文：敘事文學與人生
College Chinese: Narrative Literature and Life",廖浿晴 ,"2
2/0/0",2,通識,"四10,11",共同教室大樓201,50,link,保留新生48人.第一階段限大一新生選修，第二階段開放全部年級學生選修；中文系學生不得選修；大三以上之學生，若尚未修習完「中文閱讀與生命書寫」，請於開學後至選課系統選修「大學國文」課程，以補足通識國文學分。
1,中國語文知識與應用,7101141,1,"大學國文：易經
College Chinese: I Ching",蔡翔任 ,"2
2/0/0",2,通識,"三2,3",共同教室大樓206,50,link,保留新生48人.第一階段限大一新生選修，第二階段開放全部年級學生選修；中文系學生不得選修；大三以上之學生，若尚未修習完「中文閱讀與生命書寫」，請於開學後至選課系統選修「大學國文」課程，以補足通識國文學分。
1,中國語文知識與應用,7101142,1,"大學國文：左傳
College Chinese: Zuo Chuan",蔡翔任 ,"2
2/0/0",2,通識,"四2,3",共同教室大樓206,50,link,保留新生48人.第一階段限大一新生選修，第二階段開放全部年級學生選修；中文系學生不得選修；大三以上之學生，若尚未修習完「中文閱讀與生命書寫」，請於開學後至選課系統選修「大學國文」課程，以補足通識國文學分。
1,中國語文知識與應用,7101142,2,"大學國文：左傳
College Chinese: Zuo Chuan",蔡翔任 ,"2
2/0/0",2,通識,"四10,11",共同教室大樓206,50,link,保留新生48人.第一階段限大一新生選修，第二階段開放全部年級學生選修；中文系學生不得選修；大三以上之學生，若尚未修習完「中文閱讀與生命書寫」，請於開學後至選課系統選修「大學國文」課程，以補足通識國文學分。
1,中國語文知識與應用,7101143,1,"大學國文：古典戲曲之認識與欣賞
College Chinese: Know and appreciate in Chinese Traditional Opera",盧柏勳 ,"2
2/0/0",2,通識,"三10,11",文學院103,50,link,"保留新生48人. ,列入「戲劇‧創意‧想像」學分學程科目第一階段限大一新生選修，第二階段開放全部年級學生選修；中文系學生不得選修；大三以上之學生，若尚未修習完「中文閱讀與生命書寫」，請於開學後至選課系統選修「大學國文」課程，以補足通識國文學分。"
1,中國語文知識與應用,7101144,1,"大學國文：日治時期台灣通俗小說
College Chinese: Popular novels during the Japanese occupation",梁鈞筌 ,"2
2/0/0",2,通識,"一2,3",共同教室大樓201,50,link,保留新生48人.第一階段限大一新生選修，第二階段開放全部年級學生選修；中文系學生不得選修；大三以上之學生，若尚未修習完「中文閱讀與生命書寫」，請於開學後至選課系統選修「大學國文」課程，以補足通識國文學分。
1,中國語文知識與應用,7101144,2,"大學國文：日治時期台灣通俗小說
College Chinese: Popular novels during the Japanese occupation",梁鈞筌 ,"2
2/0/0",2,通識,"一10,11",共同教室大樓201,50,link,保留新生48人.第一階段限大一新生選修，第二階段開放全部年級學生選修；中文系學生不得選修；大三以上之學生，若尚未修習完「中文閱讀與生命書寫」，請於開學後至選課系統選修「大學國文」課程，以補足通識國文學分。
1,中國語文知識與應用,7101146,1,"大學國文：語文創作與文創行銷
College Chinese: Language Creation and Cultural Creation Marketing",葉書珊 ,"2
2/0/0",2,通識,"五2,3",共同教室大樓202,50,link,保留新生48人.第一階段限大一新生選修，第二階段開放全部年級學生選修；中文系學生不得選修；大三以上之學生，若尚未修習完「中文閱讀與生命書寫」，請於開學後至選課系統選修「大學國文」課程，以補足通識國文學分。
1,中國語文知識與應用,7101150,1,"大學國文：漢字文化與上古文明
College Chinese: Chinese Character Culture and Ancient Civilization",陳厚任 ,"2
2/0/0",2,通識,"二10,11",共同教室大樓204,50,link,保留新生48人.第一階段限大一新生選修，第二階段開放全部年級學生選修；中文系學生不得選修；大三以上之學生，若尚未修習完「中文閱讀與生命書寫」，請於開學後至選課系統選修「大學國文」課程，以補足通識國文學分。
1,中國語文知識與應用,7101151,1,"大學國文：動漫倫理學
College Chinese:  The Ethics of Animation",陳逸根 ,"2
2/0/0",2,通識,"一2,3",共同教室大樓205,50,link,保留新生48人.第一階段限大一新生選修，第二階段開放全部年級學生選修；中文系學生不得選修；大三以上之學生，若尚未修習完「中文閱讀與生命書寫」，請於開學後至選課系統選修「大學國文」課程，以補足通識國文學分。
1,中國語文知識與應用,7101152,1,"大學國文：佛教文學與生命書寫
College Chinese:  Buddhist Literature and Life Writing",鍾媄媜 ,"2
2/0/0",2,通識,"二10,11",共同教室大樓208,50,link,保留新生48人.第一階段限大一新生選修，第二階段開放全部年級學生選修；中文系學生不得選修；大三以上之學生，若尚未修習完「中文閱讀與生命書寫」，請於開學後至選課系統選修「大學國文」課程，以補足通識國文學分。
1,中國語文知識與應用,7101152,2,"大學國文：佛教文學與生命書寫
College Chinese:  Buddhist Literature and Life Writing",鍾媄媜 ,"2
2/0/0",2,通識,"四2,3",共同教室大樓208,50,link,保留新生48人.第一階段限大一學生選修，第二階段開放全部年級學生選修；中文系學生不得選修；大三以上之學生，若尚未修習完「中文閱讀與生命書寫」，請於開學後至選課系統選修「大學國文」課程，以補足通識國文學分。
1,中國語文知識與應用,7101155,1,"大學國文：嘉義書寫與文化創意
College Chinese: Writing and Cultural Innovation in Chayi",江寶釵 金儒農 ,"2
2/0/0",2,通識,"四10,11",文學院103,50,link,"保留新生48人. ,列入原住民族語言、文化創意與應用學分學程科目第一階段限大一新生選修，第二階段開放全部年級學生選修；中文系學生不得選修；大三以上之學生，若尚未修習完「中文閱讀與生命書寫」，請於開學後至選課系統選修「大學國文」課程，以補足通識國文學分。"
1,中國語文知識與應用,7101157,1,"大學國文：臺灣日治前古典文學與歷史
College Chinese: Classical Literature and History of Taiwan before the Japanese Colonial Rule",梁鈞筌 ,"2
2/0/0",2,通識,"五2,3",共同教室大樓201,50,link,保留新生48人.第一階段限大一新生選修，第二階段開放全部年級學生選修；中文系學生不得選修；大三以上之學生，若尚未修習完「中文閱讀與生命書寫」，請於開學後至選課系統選修「大學國文」課程，以補足通識國文學分。
1,中國語文知識與應用,7101161,1,"大學國文：跨文類故事寫作
College Chinese: Writing Cross-Genre Stories",蘇恆毅 ,"2
2/0/0",2,通識,"四10,11",共同教室大樓205,50,link,保留新生48人.第一階段限大一學生選修，第二階段開放全部年級學生選修；中文系學生不得選修；大三以上之學生，若尚未修習完「中文閱讀與生命書寫」，請於開學後至選課系統選修「大學國文」課程，以補足通識國文學分。
1,中國語文知識與應用,7101162,1,"大學國文：古典小說名篇選讀
College Chinese: Selected Readings in Classical Novel",李映瑾 ,"2
2/0/0",2,通識,"一10,11",共同教室大樓202,50,link,保留新生48人.第一階段限大一新生選修，第二階段開放全部年級學生選修；中文系學生不得選修；大三以上之學生，若尚未修習完「中文閱讀與生命書寫」，請於開學後至選課系統選修「大學國文」課程，以補足通識國文學分。
1,中國語文知識與應用,7101162,2,"大學國文：古典小說名篇選讀
College Chinese: Selected Readings in Classical Novel",李映瑾 ,"2
2/0/0",2,通識,"四10,11",共同教室大樓202,50,link,保留新生48人.第一階段限大一新生選修，第二階段開放全部年級學生選修；中文系學生不得選修；大三以上之學生，若尚未修習完「中文閱讀與生命書寫」，請於開學後至選課系統選修「大學國文」課程，以補足通識國文學分。
1,中國語文知識與應用,7101167,1,"大學國文：讀詩、寫字
College Chinese：Reading Poetry and Writing in Chinese Calligraphy",馬玉紅 ,"2
2/0/0",2,通識,"三2,3",共同教室大樓201,50,link,保留新生48人.第一階段限大一新生選修，第二階段開放全部年級學生選修；中文系學生不得選修；大三以上之學生，若尚未修習完「中文閱讀與生命書寫」，請於開學後至選課系統選修「大學國文」課程，以補足通識國文學分。
1,中國語文知識與應用,7101171,1,"大學國文：藝文與知識普及寫作
College Chinese: Learning to Write Popular Articles Across Disciplines",蘇恆毅 ,"2
2/0/0",2,通識,"三2,3",共同教室大樓205,50,link,保留新生48人.第一階段限大一學生選修，第二階段開放全部年級學生選修；中文系學生不得選修；大三以上之學生，若尚未修習完「中文閱讀與生命書寫」，請於開學後至選課系統選修「大學國文」課程，以補足通識國文學分。
1,中國語文知識與應用,7101171,2,"大學國文：藝文與知識普及寫作
College Chinese: Learning to Write Popular Articles Across Disciplines",蘇恆毅 ,"2
2/0/0",2,通識,"三10,11",共同教室大樓205,50,link,保留新生48人.第一階段限大一學生選修，第二階段開放全部年級學生選修；中文系學生不得選修；大三以上之學生，若尚未修習完「中文閱讀與生命書寫」，請於開學後至選課系統選修「大學國文」課程，以補足通識國文學分。
1,中國語文知識與應用,7101173,1,"大學國文：傳奇小說與戲劇選讀
College Chinese: Selected Readings in Chuanqi (Tales) and Drama",陳伯謙 ,"2
2/0/0",2,通識,"二2,3",共同教室大樓203,50,link,"保留新生48人. ,列入「戲劇‧創意‧想像」學分學程科目第一階段限大一新生選修，第二階段開放全部年級學生選修；中文系學生不得選修；大三以上之學生，若尚未修習完「中文閱讀與生命書寫」，請於開學後至選課系統選修「大學國文」課程，以補足通識國文學分。"
1,中國語文知識與應用,7101174,1,"大學國文：佛教傳記文學
College Chinese: Buddhist Biographical Literature",鍾媄媜 ,"2
2/0/0",2,通識,"五2,3",共同教室大樓208,50,link,保留新生48人.第一階段限大一新生選修，第二階段開放全部年級學生選修；中文系學生不得選修；大三以上之學生，若尚未修習完「中文閱讀與生命書寫」，請於開學後至選課系統選修「大學國文」課程，以補足通識國文學分。
1,中國語文知識與應用,7101175,1,"大學國文：外籍生基礎中文專班
College Chinese: Basic Chinese Class for Foreign Students",陳逸根 ,"2
2/0/0",2,通識,"一10,11",共同教室大樓205,50,link,保留新生50人.本課程係為母語非中文之外籍生開設之僑外專班，需於開學後第二階段選課時透過加簽方式進行選課。
1,中國語文知識與應用,7101178,1,"大學國文：漢字與古代占卜
College Chinese: Chinese Character and Ancient Divination",張育州 ,"2
2/0/0",2,通識,"二2,3",共同教室大樓202,50,link,保留新生48人.第一階段限大一新生選修，第二階段開放全部年級學生選修；中文系學生不得選修；大三以上之學生，若尚未修習完「中文閱讀與生命書寫」，請於開學後至選課系統選修「大學國文」課程，以補足通識國文學分。
1,中國語文知識與應用,7101178,2,"大學國文：漢字與古代占卜
College Chinese: Chinese Character and Ancient Divination",張育州 ,"2
2/0/0",2,通識,"三2,3",共同教室大樓202,50,link,保留新生48人.第一階段限大一學生選修，第二階段開放全部年級學生選修；中文系學生不得選修；大三以上之學生，若尚未修習完「中文閱讀與生命書寫」，請於開學後至選課系統選修「大學國文」課程，以補足通識國文學分。
1,中國語文知識與應用,7101179,1,"大學國文：莊子
College Chinese: Zhuang-zi (The Philosophy of Zhuang-zi)",蘇韋菱 ,"2
2/0/0",2,通識,"二10,11",共同教室大樓213,50,link,保留新生48人.第一階段限大一學生選修，第二階段開放全部年級學生選修；中文系學生不得選修；大三以上之學生，若尚未修習完「中文閱讀與生命書寫」，請於開學後至選課系統選修「大學國文」課程，以補足通識國文學分。
1,英文能力訓練,7102111,1,"實用英語表達（基礎班）
Practical English Usage (Pre-intermediate Level)",康惠晴 ,"2
2/0/0",2,通識,"二2,3",語言中心語言教室224,40,link,"保留新生37人. ,列入國際菁英學分學程科目1)本課程為大一通識必修（第1學期實用、第2學期應用，各需選修1門），第一階段每班開放3個名額供大二以上選修；2)限英文程度認定為「基礎班」者選修；3)第1次上課務必出席；4)新生若自行退選預載課程再選課，則由系統進行額滿篩選；5)外文系生不得選修；7)聯合國永續發展(SDGs)對應目標：4.4-4.7。*Attendance at the first class session is mandatory. Students must attend the first class session to complete the placement test."
1,英文能力訓練,7102111,2,"實用英語表達（基礎班）
Practical English Usage (Pre-intermediate Level)",賴郁寗 ,"2
2/0/0",2,通識,"二10,11",語言中心語言教室225,40,link,"保留新生37人. ,列入國際菁英學分學程科目1)本課程為大一通識必修（第1學期實用、第2學期應用，各需選修1門），第一階段每班開放3個名額供大二以上選修；2)限英文程度認定為「基礎班」者選修；3)第1次上課務必出席；4)新生若自行退選預載課程再選課，則由系統進行額滿篩選；5)外文系生不得選修；7)聯合國永續發展(SDGs)對應目標：4.4-4.7。*Attendance at the first class session is mandatory. Students must attend the first class session to complete the placement test."
1,英文能力訓練,7102111,3,"實用英語表達（基礎班）
Practical English Usage (Pre-intermediate Level)",康惠晴 ,"2
2/0/0",2,通識,"三2,3",語言中心語言教室224,40,link,"保留新生37人. ,列入國際菁英學分學程科目1)本課程為大一通識必修（第1學期實用、第2學期應用，各需選修1門），第一階段每班開放3個名額供大二以上選修；2)限英文程度認定為「基礎班」者選修；3)第1次上課務必出席；4)新生若自行退選預載課程再選課，則由系統進行額滿篩選；5)外文系生不得選修；7)聯合國永續發展(SDGs)對應目標：4.4-4.7。*Attendance at the first class session is mandatory. Students must attend the first class session to complete the placement test."
1,英文能力訓練,7102111,4,"實用英語表達（基礎班）
Practical English Usage (Pre-intermediate Level)",康惠晴 ,"2
2/0/0",2,通識,"四2,3",語言中心語言教室224,40,link,"保留新生37人. ,列入國際菁英學分學程科目1)本課程為大一通識必修（第1學期實用、第2學期應用，各需選修1門），第一階段每班開放3個名額供大二以上選修；2)限英文程度認定為「基礎班」者選修；3)第1次上課務必出席；4)新生若自行退選預載課程再選課，則由系統進行額滿篩選；5)外文系生不得選修；7)聯合國永續發展(SDGs)對應目標：4.4-4.7。*Attendance at the first class session is mandatory. Students must attend the first class session to complete the placement test."
1,英文能力訓練,7102121,1,"實用英語技巧（強化班）
Practical English Usage (Intermediate Level)",吳永倩 ,"2
2/0/0",2,通識,"一8,9",語言中心語言教室224,40,link,"保留新生37人. ,列入國際菁英學分學程科目1)本課程為大一通識必修（第1學期實用、第2學期應用，各需選修1門），第一階段每班開放3個名額供大二以上選修；2)限英文程度認定為「強化班」者選修；3)第1次上課務必出席；4)新生若自行退選預載課程再選課，則由系統進行額滿篩選；5)外文系生不得選修；7)聯合國永續發展(SDGs)對應目標：4.4-4.7。*Attendance at the first class session is mandatory. Students must attend the first class session to complete the placement test."
1,英文能力訓練,7102121,2,"實用英語技巧（強化班）
Practical English Usage (Intermediate Level)",賴郁寗 ,"2
2/0/0",2,通識,"一8,9",語言中心語言教室225,40,link,"保留新生37人. ,列入國際菁英學分學程科目1)本課程為大一通識必修（第1學期實用、第2學期應用，各需選修1門），第一階段每班開放3個名額供大二以上選修；2)限英文程度認定為「強化班」者選修；3)第1次上課務必出席；4)新生若自行退選預載課程再選課，則由系統進行額滿篩選；5)外文系生不得選修；7)聯合國永續發展(SDGs)對應目標：4.4-4.7。*Attendance at the first class session is mandatory. Students must attend the first class session to complete the placement test."
1,英文能力訓練,7102121,3,"實用英語技巧（強化班）
Practical English Usage (Intermediate Level)",吳永倩 ,"2
2/0/0",2,通識,"一10,11",語言中心語言教室224,40,link,"保留新生37人. ,列入國際菁英學分學程科目1)本課程為大一通識必修（第1學期實用、第2學期應用，各需選修1門），第一階段每班開放3個名額供大二以上選修；2)限英文程度認定為「強化班」者選修；3)第1次上課務必出席；4)新生若自行退選預載課程再選課，則由系統進行額滿篩選；5)外文系生不得選修；7)聯合國永續發展(SDGs)對應目標：4.4-4.7。*Attendance at the first class session is mandatory. Students must attend the first class session to complete the placement test."
1,英文能力訓練,7102121,4,"實用英語技巧（強化班）
Practical English Usage (Intermediate Level)",賴郁寗 ,"2
2/0/0",2,通識,"一10,11",語言中心語言教室225,40,link,"保留新生37人. ,列入國際菁英學分學程科目1)本課程為大一通識必修（第1學期實用、第2學期應用，各需選修1門），第一階段每班開放3個名額供大二以上選修；2)限英文程度認定為「強化班」者選修；3)第1次上課務必出席；4)新生若自行退選預載課程再選課，則由系統進行額滿篩選；5)外文系生不得選修；7)聯合國永續發展(SDGs)對應目標：4.4-4.7。*Attendance at the first class session is mandatory. Students must attend the first class session to complete the placement test."
1,英文能力訓練,7102121,5,"實用英語技巧（強化班）
Practical English Usage (Intermediate Level)",賴郁寗 ,"2
2/0/0",2,通識,"二2,3",語言中心語言教室225,40,link,"保留新生37人. ,列入國際菁英學分學程科目1)本課程為大一通識必修（第1學期實用、第2學期應用，各需選修1門），第一階段每班開放3個名額供大二以上選修；2)限英文程度認定為「強化班」者選修；3)第1次上課務必出席；4)新生若自行退選預載課程再選課，則由系統進行額滿篩選；5)外文系生不得選修；7)聯合國永續發展(SDGs)對應目標：4.4-4.7。*Attendance at the first class session is mandatory. Students must attend the first class session to complete the placement test."
1,英文能力訓練,7102121,6,"實用英語技巧（強化班）
Practical English Usage (Intermediate Level)",康惠晴 ,"2
2/0/0",2,通識,"二10,11",語言中心語言教室224,40,link,"保留新生37人. ,列入國際菁英學分學程科目1)本課程為大一通識必修（第1學期實用、第2學期應用，各需選修1門），第一階段每班開放3個名額供大二以上選修；2)限英文程度認定為「強化班」者選修；3)第1次上課務必出席；4)新生若自行退選預載課程再選課，則由系統進行額滿篩選；5)外文系生不得選修；7)聯合國永續發展(SDGs)對應目標：4.4-4.7。*Attendance at the first class session is mandatory. Students must attend the first class session to complete the placement test."
1,英文能力訓練,7102121,7,"實用英語技巧（強化班）
Practical English Usage (Intermediate Level)",吳永倩 ,"2
2/0/0",2,通識,"二10,11",語言中心語言教室226,30,link,"保留新生27人. ,列入國際菁英學分學程科目1)本課程為大一通識必修（第1學期實用、第2學期應用，各需選修1門），第一階段每班開放3個名額供大二以上選修；2)限英文程度認定為「強化班」者選修；3)第1次上課務必出席；4)新生若自行退選預載課程再選課，則由系統進行額滿篩選；5)外文系生不得選修；7)聯合國永續發展(SDGs)對應目標：4.4-4.7。*Attendance at the first class session is mandatory. Students must attend the first class session to complete the placement test."
1,英文能力訓練,7102121,8,"實用英語技巧（強化班）
Practical English Usage (Intermediate Level)",賴郁寗 ,"2
2/0/0",2,通識,"三2,3",語言中心語言教室225,40,link,"保留新生37人. ,列入國際菁英學分學程科目1)本課程為大一通識必修（第1學期實用、第2學期應用，各需選修1門），第一階段每班開放3個名額供大二以上選修；2)限英文程度認定為「強化班」者選修；3)第1次上課務必出席；4)新生若自行退選預載課程再選課，則由系統進行額滿篩選；5)外文系生不得選修；7)聯合國永續發展(SDGs)對應目標：4.4-4.7。*Attendance at the first class session is mandatory. Students must attend the first class session to complete the placement test."
1,英文能力訓練,7102121,9,"實用英語技巧（強化班）
Practical English Usage (Intermediate Level)",吳永倩 ,"2
2/0/0",2,通識,"三2,3",語言中心語言教室226,30,link,"保留新生27人. ,列入國際菁英學分學程科目1)本課程為大一通識必修（第1學期實用、第2學期應用，各需選修1門），第一階段每班開放3個名額供大二以上選修；2)限英文程度認定為「強化班」者選修；3)第1次上課務必出席；4)新生若自行退選預載課程再選課，則由系統進行額滿篩選；5)外文系生不得選修；7)聯合國永續發展(SDGs)對應目標：4.4-4.7。*Attendance at the first class session is mandatory. Students must attend the first class session to complete the placement test."
1,英文能力訓練,7102121,10,"實用英語技巧（強化班）
Practical English Usage (Intermediate Level)",康惠晴 ,"2
2/0/0",2,通識,"三10,11",語言中心語言教室224,40,link,"保留新生37人. ,列入國際菁英學分學程科目1)本課程為大一通識必修（第1學期實用、第2學期應用，各需選修1門），第一階段每班開放3個名額供大二以上選修；2)限英文程度認定為「強化班」者選修；3)第1次上課務必出席；4)新生若自行退選預載課程再選課，則由系統進行額滿篩選；5)外文系生不得選修；7)聯合國永續發展(SDGs)對應目標：4.4-4.7。*Attendance at the first class session is mandatory. Students must attend the first class session to complete the placement test."
1,英文能力訓練,7102121,11,"實用英語技巧（強化班）
Practical English Usage (Intermediate Level)",賴郁寗 ,"2
2/0/0",2,通識,"三10,11",語言中心語言教室225,40,link,"保留新生37人. ,列入國際菁英學分學程科目1)本課程為大一通識必修（第1學期實用、第2學期應用，各需選修1門），第一階段每班開放3個名額供大二以上選修；2)限英文程度認定為「強化班」者選修；3)第1次上課務必出席；4)新生若自行退選預載課程再選課，則由系統進行額滿篩選；5)外文系生不得選修；7)聯合國永續發展(SDGs)對應目標：4.4-4.7。*Attendance at the first class session is mandatory. Students must attend the first class session to complete the placement test."
1,英文能力訓練,7102121,12,"實用英語技巧（強化班）
Practical English Usage (Intermediate Level)",吳永倩 ,"2
2/0/0",2,通識,"三10,11",語言中心語言教室226,30,link,"保留新生27人.支援文學院碩士班四年級. ,列入國際菁英學分學程科目1)本課程為大一通識必修（第1學期實用、第2學期應用，各需選修1門），第一階段每班開放3個名額供大二以上選修；2)限英文程度認定為「強化班」者選修；3)第1次上課務必出席；4)新生若自行退選預載課程再選課，則由系統進行額滿篩選；5)外文系生不得選修；7)聯合國永續發展(SDGs)對應目標：4.4-4.7。*Attendance at the first class session is mandatory. Students must attend the first class session to complete the placement test."
1,英文能力訓練,7102121,13,"實用英語技巧（強化班）
Practical English Usage (Intermediate Level)",吳永倩 ,"2
2/0/0",2,通識,"四2,3",語言中心語言教室225,40,link,"保留新生37人. ,列入國際菁英學分學程科目1)本課程為大一通識必修（第1學期實用、第2學期應用，各需選修1門），第一階段每班開放3個名額供大二以上選修；2)限英文程度認定為「強化班」者選修；3)第1次上課務必出席；4)新生若自行退選預載課程再選課，則由系統進行額滿篩選；5)外文系生不得選修；7)聯合國永續發展(SDGs)對應目標：4.4-4.7。*Attendance at the first class session is mandatory. Students must attend the first class session to complete the placement test."
1,英文能力訓練,7102121,14,"實用英語技巧（強化班）
Practical English Usage (Intermediate Level)",康惠晴 ,"2
2/0/0",2,通識,"四10,11",語言中心語言教室224,40,link,"保留新生37人. ,列入國際菁英學分學程科目1)本課程為大一通識必修（第1學期實用、第2學期應用，各需選修1門），第一階段每班開放3個名額供大二以上選修；2)限英文程度認定為「強化班」者選修；3)第1次上課務必出席；4)新生若自行退選預載課程再選課，則由系統進行額滿篩選；5)外文系生不得選修；7)聯合國永續發展(SDGs)對應目標：4.4-4.7。*Attendance at the first class session is mandatory. Students must attend the first class session to complete the placement test."
1,英文能力訓練,7102121,15,"實用英語技巧（強化班）
Practical English Usage (Intermediate Level)",吳永倩 ,"2
2/0/0",2,通識,"四10,11",語言中心語言教室225,40,link,"保留新生37人. ,列入國際菁英學分學程科目1)本課程為大一通識必修（第1學期實用、第2學期應用，各需選修1門），第一階段每班開放3個名額供大二以上選修；2)限英文程度認定為「強化班」者選修；3)第1次上課務必出席；4)新生若自行退選預載課程再選課，則由系統進行額滿篩選；5)外文系生不得選修；7)聯合國永續發展(SDGs)對應目標：4.4-4.7。*Attendance at the first class session is mandatory. Students must attend the first class session to complete the placement test."
1,英文能力訓練,7102121,16,"實用英語技巧（強化班）
Practical English Usage (Intermediate Level)",康惠晴 ,"2
2/0/0",2,通識,"五2,3",語言中心語言教室224,40,link,"保留新生37人. ,列入國際菁英學分學程科目1)本課程為大一通識必修（第1學期實用、第2學期應用，各需選修1門），第一階段每班開放3個名額供大二以上選修；2)限英文程度認定為「強化班」者選修；3)第1次上課務必出席；4)新生若自行退選預載課程再選課，則由系統進行額滿篩選；5)外文系生不得選修；7)聯合國永續發展(SDGs)對應目標：4.4-4.7。*Attendance at the first class session is mandatory. Students must attend the first class session to complete the placement test."
1,英文能力訓練,7102121,17,"實用英語技巧（強化班）
Practical English Usage (Intermediate Level)",賴郁寗 ,"2
2/0/0",2,通識,"五2,3",語言中心語言教室225,40,link,"保留新生37人. ,列入國際菁英學分學程科目1)本課程為大一通識必修（第1學期實用、第2學期應用，各需選修1門），第一階段每班開放3個名額供大二以上選修；2)限英文程度認定為「強化班」者選修；3)第1次上課務必出席；4)新生若自行退選預載課程再選課，則由系統進行額滿篩選；5)外文系生不得選修；7)聯合國永續發展(SDGs)對應目標：4.4-4.7。*Attendance at the first class session is mandatory. Students must attend the first class session to complete the placement test."
1,英文能力訓練,7102131,1,"實用英語（整合技巧）
Practical English Usage (Integrated skills)",楊岳龍 ,"2
2/0/0",2,通識,"三10,11",語言中心語言教室227,30,link,"保留新生20人. ,列入國際菁英學分學程科目1)本課程為大一通識必修（第1學期實用、第2學期應用，各需選修1門）；2)限英文程度認定為需選修「整合技巧」者；3)第1次上課務必出席；4)外文系生不得選修；5)聯合國永續發展(SDGs)對應目標：4.4-4.7。*Attendance at the first class session is mandatory. Students must attend the first class session to complete the placement test."
1,英文能力訓練,7102231,1,"應用英語（整合技巧）
English Communication Skills (Integrated skills)",李佳家 ,"2
2/0/0",2,通識,"四10,11",語言中心語言教室224,40,link,.1)本課程為大一通識必修(第1學期實用、第2學期應用，各需選修1門)，為利課程改制大二以上學生銜接，本學期加開1班應用課程；2)限英文程度認定為「整合技巧」者選修；3)若該課程選修人數超過限修人數，則由選課系統進行篩選。建議先選擇尚未額滿之課程時段；4)第一次上課務必出席；5)外文系生不得選修；6)聯合國永續發展(SDGs)對應目標：4.4-4.7。(Attendance at the first class session is mandatory. Students must be present at the first class session to complete the placement test.)
2,自然科學與技術,7201002,1,"數學的過去與未來
The Past and Future of Mathematics",余文卿 ,"2
2/0/0",2,通識,"二4,5",共同教室大樓212,90,link,保留新生25人; 擋修數學系生醫系電機系化工系通訊系.選課前請至通識教育中心網頁瀏覽各學系不採計通識課程列表。
2,自然科學與技術,7204004,1,"機率與人生
Probability in Life",陳仁義 ,"2
2/0/0",2,通識,"五4,5",電算中心217教室,40,link,保留新生11人; 擋修數學系社福系心理系資工系電機系通訊系經濟學系財金系企管系會資系資管系.選課前請至通識教育中心網頁瀏覽各學系不採計通識課程列表。
3,人文思維與生命探索,7300006,1,"音樂文創與文案書寫
Creative Writing of Music and Project Design",李映瑾 ,"2
2/0/0",2,通識,"二8,9",共同教室大樓202,60,link,"保留新生18人. ,列入本土語言與文化實踐學分學程科目選課前請至通識教育中心網頁瀏覽各學系不採計通識課程列表。"
3,人文思維與生命探索,7300006,2,"音樂文創與文案書寫
Creative Writing of Music and Project Design",李映瑾 ,"2
2/0/0",2,通識,"四8,9",共同教室大樓202,60,link,"保留新生18人. ,列入本土語言與文化實踐學分學程科目選課前請至通識教育中心網頁瀏覽各學系不採計通識課程列表。"
3,公民與社會參與,7300007,1,"文化資產保存與法規
Cultural Property and Regulations",蘇全正 ,"2
2/0/0",2,通識,"二7,8",共同教室大樓321,62,link,"保留新生18人. ,列入本土語言與文化實踐學分學程科目選課前請至通識教育中心網頁瀏覽各學系不採計通識課程列表。"
3,基礎概論課程,7301036,1,"日文（一）
Japanese (I)",竹田理恵 ,"2
2/0/0",2,通識,"二4,5",共同教室大樓321,60,link,保留新生18人; 擋修外文系.選課前請至通識教育中心網頁瀏覽各學系不採計通識課程列表。
3,基礎概論課程,7301036,2,"日文（一）
Japanese (I)",竹田理恵 ,"2
2/0/0",2,通識,"三4,5",共同教室大樓321,60,link,保留新生18人; 擋修外文系.選課前請至通識教育中心網頁瀏覽各學系不採計通識課程列表。
3,基礎概論課程,7301036,3,"日文（一）
Japanese (I)",竹田理恵 ,"2
2/0/0",2,通識,"四4,5",共同教室大樓321,60,link,保留新生18人; 擋修外文系.選課前請至通識教育中心網頁瀏覽各學系不採計通識課程列表。
3,基礎概論課程,7301037,1,"日文（二）
Japanese (II)",竹田理恵 ,"2
2/0/0",2,通識,"五4,5",共同教室大樓321,60,link,先修科目(7301036)日文（一）(及格) 擋修外文系.選課前請至通識教育中心網頁瀏覽各學系不採計通識課程列表。
3,基礎概論課程,7301037,2,"日文（二）
Japanese (II)",竹田理恵 ,"2
2/0/0",2,通識,"五8,9",共同教室大樓321,60,link,先修科目(7301036)日文（一）(及格) 擋修外文系.選課前請至通識教育中心網頁瀏覽各學系不採計通識課程列表。
3,基礎概論課程,7301038,1,"德文（一）
German (I)",楊美娟 ,"2
2/0/0",2,通識,"二4,5",共同教室大樓213,60,link,保留新生18人; 擋修外文系.選課前請至通識教育中心網頁瀏覽各學系不採計通識課程列表。
3,基礎概論課程,7301040,1,"法文（一）
French (I)",陳泓光 ,"2
2/0/0",2,通識,"三8,9",文學院136,60,link,保留新生18人; 擋修外文系.選課前請至通識教育中心網頁瀏覽各學系不採計通識課程列表。
3,基礎概論課程,7301042,1,"西班牙文（一）
Spanish (I)",李優俐 ,"2
2/0/0",2,通識,"五2,3",文學院136,60,link,保留新生18人; 擋修外文系.選課前請至通識教育中心網頁瀏覽各學系不採計通識課程列表。
3,基礎概論課程,7301049,1,"初級印尼語
Beginning Indonesian
(全英語授課/English-taught) ",何德華 ,"2
2/0/0",2,通識,"二10,11",共同教室大樓121,40,link,"保留新生18人. ,列入東協與南亞法制學分學程科目選課前請至通識教育中心網頁瀏覽各學系不採計通識課程列表。"
3,基礎概論課程,7301051,1,"台語文會話（一）
Taiwanese Conversation(I)",陳瀅州 ,"2
2/0/0",2,通識,"五7,8",共同教室大樓203,60,link,"保留新生18人. ,列入本土語言與文化實踐學分學程科目選課前請至通識教育中心網頁瀏覽各學系不採計通識課程列表。"
3,基礎概論課程,7301052,1,"台語文讀寫
Taiwanese Reading and Writing",陳瀅州 ,"2
2/0/0",2,通識,"四7,8",共同教室大樓203,60,link,"保留新生18人. ,列入本土語言與文化實踐學分學程科目選課前請至通識教育中心網頁瀏覽各學系不採計通識課程列表。"
3,基礎概論課程,7301058,1,"越南語基礎會話
Vietnamese Basic Conversation",胡秋莊 ,"2
2/0/0",2,通識,"五2,3",共同教室大樓207,60,link,"保留新生11人. ,列入東協與南亞法制學分學程科目限越南語零基礎之學生修習；選課前請至通識教育中心網頁瀏覽各學系不採計通識課程列表。"
3,基礎概論課程,7301060,1,"基礎古希臘文
Basic Ancient Greek",黃俊龍 ,"2
2/0/0",2,通識,"四7,8",共同教室大樓213,62,link,保留新生18人.選課前請至通識教育中心網頁瀏覽各學系不採計通識課程列表。
3,人文思維與生命探索,7302019,1,"世界史的視野
The Perspective of World History",方志強 ,"2
2/0/0",2,通識,"五2,3",文學院118,40,link,保留新生11人; 擋修歷史系.選課前請至通識教育中心網頁瀏覽各學系不採計通識課程列表。
3,人文思維與生命探索,7302045,1,"臺灣民間信仰與生命關懷
Taiwan Folk Belief and Life Concern",蘇全正 ,"2
2/0/0",2,通識,"二10,11",共同教室大樓321,62,link,"保留新生18人. ,列入本土語言與文化實踐學分學程科目選課前請至通識教育中心網頁瀏覽各學系不採計通識課程列表。"
3,人文思維與生命探索,7302046,1,"敦煌的文獻與石窟藝術
Dunhuang Literature and Grotto Art",李映瑾 ,"2
2/0/0",2,通識,"二4,5",共同教室大樓202,60,link,保留新生18人.選課前請至通識教育中心網頁瀏覽各學系不採計通識課程列表。
3,人文思維與生命探索,7302049,1,"臺灣原住民族的社會與人文
The Social and Humanistic Customs of Taiwan? Indigenous People",童信智 ,"2
2/0/0",2,通識,"三4,5",共同教室大樓213,62,link,"保留新生18人. ,列入本土語言與文化實踐學分學程科目 ,列入原住民族語言、文化創意與應用學分學程科目選課前請至通識教育中心網頁瀏覽各學系不採計通識課程列表。"
3,人文思維與生命探索,7302051,1,"臺灣原住民族家庭文化
Family culture of Taiwanese Indigenous Peoples",王怡婷 ,"2
2/0/0",2,通識,"四4,5",共同教室大樓213,62,link,"保留新生18人. ,列入原住民族語言、文化創意與應用學分學程科目選課前請至通識教育中心網頁瀏覽各學系不採計通識課程列表。"
3,經濟與國際脈動,7302053,1,"永續與部落產業
Sustainabiblity and Indigenous Industry",方慧臻 ,"2
2/0/0",2,通識,"二8,9",共同教室大樓323,47,link,保留新生15人.選課前請至通識教育中心網頁瀏覽各學系不採計通識課程列表。
3,人文思維與生命探索,7303014,1,"生命倫理學
Bioethics",陳俊明 ,"2
2/0/0",2,通識,"一8,9",共同教室大樓325,60,link,保留新生18人; 擋修哲學系.選課前請至通識教育中心網頁瀏覽各學系不採計通識課程列表。
3,人文思維與生命探索,7303015,1,"批判思考
Critical Thinking",林慧旻 ,"2
2/0/0",2,通識,"四10,11",共同教室大樓422,90,link,保留新生25人; 擋修哲學系.選課前請至通識教育中心網頁瀏覽各學系不採計通識課程列表。
3,人文思維與生命探索,7303015,2,"批判思考
Critical Thinking",歐陽敏 ,"2
2/0/0",2,通識,"四10,11",共同教室大樓213,62,link,保留新生18人; 擋修哲學系.選課前請至通識教育中心網頁瀏覽各學系不採計通識課程列表。
3,人文思維與生命探索,7303019,1,"當代政治哲學議題
Contemporary Issues of Political Philosophy",林耕漢 ,"2
2/0/0",2,通識,"五4,5",共同教室大樓201,60,link,保留新生18人; 擋修哲學系.選課前請至通識教育中心網頁瀏覽各學系不採計通識課程列表。
3,人文思維與生命探索,7303020,1,"從科幻學哲學
Learning Philosophy via Science Fiction",陳俊明 ,"2
2/0/0",2,通識,"四4,5",共同教室大樓325,60,link,保留新生18人; 擋修哲學系.選課前請至通識教育中心網頁瀏覽各學系不採計通識課程列表。
3,人文思維與生命探索,7303023,1,"意識哲學與科學
Philosophy and Science of Consciousness",陳今偉 ,"2
2/0/0",2,通識,"一2,3",共同教室大樓402,60,link,保留新生25人; 擋修哲學系.選課前請至通識教育中心網頁瀏覽各學系不採計通識課程列表。
3,人文思維與生命探索,7303024,1,"理性與決策
Rationality and Decision-making",陳俊明 ,"2
2/0/0",2,通識,"一4,5",共同教室大樓325,60,link,保留新生18人; 擋修哲學系.選課前請至通識教育中心網頁瀏覽各學系不採計通識課程列表。
3,人文思維與生命探索,7303025,1,"電影中的哲學議題
The Philosophical Issues in Films",陳今偉 ,"2
2/0/0",2,通識,"一4,5",共同教室大樓402,80,link,保留新生25人.選課前請至通識教育中心網頁瀏覽各學系不採計通識課程列表。
3,人文思維與生命探索,7303026,1,"邏輯推理與謬誤
Logical Reasoning and Fallacy",陳今偉 ,"2
2/0/0",2,通識,"一8,9",共同教室大樓402,80,link,保留新生25人.選課前請至通識教育中心網頁瀏覽各學系不採計通識課程列表。
3,藝術與美學,7304003,1,"聽覺藝術欣賞
Music Appreciation",黃富琴 ,"2
2/0/0",2,通識,"五2,3",共同教室大樓106階梯教室,90,link,"保留新生25人. ,列入「戲劇‧創意‧想像」學分學程科目選課前請至通識教育中心網頁瀏覽各學系不採計通識課程列表。"
3,藝術與美學,7304007,1,"西洋音樂史
A History of Western Music",謝馥年 ,"2
2/0/0",2,通識,"五4,5",共同教室大樓325,60,link,"保留新生18人. ,列入「戲劇‧創意‧想像」學分學程科目 ,列入藝術微學程科目選課前請至通識教育中心網頁瀏覽各學系不採計通識課程列表。"
3,藝術與美學,7304011,1,"藝術欣賞
Art Appreciation",李淑卿 ,"2
2/0/0",2,通識,"五2,3",文學院106,55,link,"保留新生16人. ,列入藝術文物學程科目選課前請至通識教育中心網頁瀏覽各學系不採計通識課程列表。"
3,藝術與美學,7304012,1,"漫遊聲樂的世界
Introduction to Vocal Music",謝馥年 ,"2
2/0/0",2,通識,"五2,3",共同教室大樓325,60,link,"保留新生18人. ,列入「戲劇‧創意‧想像」學分學程科目選課前請至通識教育中心網頁瀏覽各學系不採計通識課程列表。"
3,藝術與美學,7304019,1,"藝術基礎理論與賞析
The Practice of Western Artists and Theories",黃承德 ,"2
2/0/0",2,通識,"三4,5",共同教室大樓507,60,link,"保留新生18人. ,列入藝術文物學程科目 ,列入「戲劇‧創意‧想像」學分學程科目選課前請至通識教育中心網頁瀏覽各學系不採計通識課程列表。"
3,藝術與美學,7304020,1,"當代藝術思潮
Trends of Contemporary Art",黃承德 ,"2
2/0/0",2,通識,"二8,9",共同教室大樓507,60,link,"保留新生18人. ,列入藝術文物學程科目 ,列入「戲劇‧創意‧想像」學分學程科目 ,列入藝術微學程科目選課前請至通識教育中心網頁瀏覽各學系不採計通識課程列表。"
3,藝術與美學,7304023,1,"造形藝術與設計
Plastic art and Design",黃承德 ,"2
2/0/0",2,通識,"二10,11",共同教室大樓507,60,link,"保留新生18人. ,列入藝術文物學程科目 ,列入「戲劇‧創意‧想像」學分學程科目 ,列入藝術微學程科目選課前請至通識教育中心網頁瀏覽各學系不採計通識課程列表。"
3,藝術與美學,7304024,1,"版畫創作基礎
Basic Printmaking",黃承德 ,"2
2/0/0",2,通識,"一8,9",共同教室大樓507,30,link,"保留新生9人. ,列入藝術文物學程科目 ,列入「戲劇‧創意‧想像」學分學程科目 ,列入藝術微學程科目選課前請至通識教育中心網頁瀏覽各學系不採計通識課程列表。"
3,藝術與美學,7304024,2,"版畫創作基礎
Basic Printmaking",黃承德 ,"2
2/0/0",2,通識,"一10,11",共同教室大樓507,30,link,"保留新生9人. ,列入藝術文物學程科目 ,列入「戲劇‧創意‧想像」學分學程科目 ,列入藝術微學程科目選課前請至通識教育中心網頁瀏覽各學系不採計通識課程列表。"
3,藝術與美學,7304029,1,"表演與自我開發
Acting and Self-development",周力德 ,"2
2/0/0",2,通識,"五9,10",活動中心301舞蹈教室,16,link,". ,列入「戲劇‧創意‧想像」學分學程科目 ,列入藝術微學程科目選課前請至通識教育中心網頁瀏覽各學系不採計通識課程列表。限大三以上學生選修，若達選課人數上限，不予加簽。"
3,藝術與美學,7304030,1,"戲劇與人生
Drama and Life",周力德 ,"2
2/0/0",2,通識,"五4,5",共同教室大樓212,47,link,"保留新生15人. ,列入「戲劇‧創意‧想像」學分學程科目 ,列入藝術微學程科目選課前請至通識教育中心網頁瀏覽各學系不採計通識課程列表。若達選課人數上限，不予加簽。"
3,藝術與美學,7304030,2,"戲劇與人生
Drama and Life",周力德 ,"2
2/0/0",2,通識,"五7,8",共同教室大樓212,47,link,"保留新生15人. ,列入「戲劇‧創意‧想像」學分學程科目 ,列入藝術微學程科目選課前請至通識教育中心網頁瀏覽各學系不採計通識課程列表。若達選課人數上限，不予加簽。"
3,藝術與美學,7304031,1,"數位美學
Digital Aesthetics",陸維元 ,"2
2/0/0",2,通識,"一4,5",電算中心217教室,40,link,". ,列入藝術文物學程科目 ,列入藝術微學程科目選課前請至通識教育中心網頁瀏覽各學系不採計通識課程列表。限大二以上學生選修。"
3,藝術與美學,7304031,2,"數位美學
Digital Aesthetics",陸維元 ,"2
2/0/0",2,通識,"二4,5",電算中心217教室,40,link,". ,列入藝術文物學程科目 ,列入藝術微學程科目選課前請至通識教育中心網頁瀏覽各學系不採計通識課程列表。限大二以上學生選修。"
3,能源、環境與生態,7304032,1,"自然觀察與紀錄
Observation and Preservation of Nature",陸維元 ,"2
2/0/0",2,通識,"三4,5",共同教室大樓506,36,link,". ,列入循環科技與永續發展學分學程科目本課程為社會服務學習課程之「認證型課程」，修課學生需前往校外進行生態調查，建議備有交通工具或駕照者為佳；限大二以上學生選修；選課前請至通識教育中心網頁瀏覽各學系不採計通識課程列表。"
3,藝術與美學,7304033,1,"藝術的故事
The Story of Art",陸維元 ,"2
2/0/0",2,通識,"二10,11",共同教室大樓325,50,link,"保留新生15人. ,列入藝術文物學程科目 ,列入「戲劇‧創意‧想像」學分學程科目 ,列入藝術微學程科目選課前請至通識教育中心網頁瀏覽各學系不採計通識課程列表。"
3,藝術與美學,7304034,1,"當代藝術與設計
Modern Art and Design",鄭安利 ,"2
2/0/0",2,通識,"四4,5",共同教室大樓507,60,link,"保留新生18人. ,列入藝術文物學程科目 ,列入「戲劇‧創意‧想像」學分學程科目選課前請至通識教育中心網頁瀏覽各學系不採計通識課程列表。"
3,藝術與美學,7304034,2,"當代藝術與設計
Modern Art and Design",鄭安利 ,"2
2/0/0",2,通識,"四8,9",共同教室大樓507,60,link,"保留新生18人. ,列入藝術文物學程科目 ,列入「戲劇‧創意‧想像」學分學程科目選課前請至通識教育中心網頁瀏覽各學系不採計通識課程列表。"
3,藝術與美學,7304035,1,"藝術形式及表現手法
Art Form and Presentation",鄭安利 ,"2
2/0/0",2,通識,"四10,11",共同教室大樓507,60,link,"保留新生18人. ,列入藝術文物學程科目 ,列入「戲劇‧創意‧想像」學分學程科目 ,列入藝術微學程科目選課前請至通識教育中心網頁瀏覽各學系不採計通識課程列表。"
3,藝術與美學,7304036,1,"數位音樂創作
Digital Music Design",張介凡 ,"2
2/0/0",2,通識,"四4,5",電算中心214教室,38,link,"保留新生11人. ,列入藝術微學程科目選課前請至通識教育中心網頁瀏覽各學系不採計通識課程列表。"
3,藝術與美學,7304038,1,"探索音樂治療
Exploring Music Therapy",謝馥年 ,"2
2/0/0",2,通識,"五7,8",共同教室大樓325,20,link,保留新生9人.選課前請至通識教育中心網頁瀏覽各學系不採計通識課程列表。
3,藝術與美學,7304041,1,"影像美學
Image Aesthetics",陸維元 ,"2
2/0/0",2,通識,"三8,9",共同教室大樓506,30,link,". ,列入藝術微學程科目選課前請至通識教育中心網頁瀏覽各學系不採計通識課程列表。限大二以上學生選修。"
3,藝術與美學,7304042,1,"世界音樂
Introduction to the World Music",邱亭雅 ,"2
2/0/0",2,通識,"一4,5",共同教室大樓321,62,link,"保留新生18人. ,列入藝術微學程科目選課前請至通識教育中心網頁瀏覽各學系不採計通識課程列表。"
3,藝術與美學,7304042,2,"世界音樂
Introduction to the World Music",邱亭雅 ,"2
2/0/0",2,通識,"一8,9",共同教室大樓321,62,link,"保留新生18人. ,列入藝術微學程科目選課前請至通識教育中心網頁瀏覽各學系不採計通識課程列表。"
3,藝術與美學,7304043,1,"電影配樂發展史與風格賞析
The History of Film Scoring - Analysis and Development
(全英語授課/English-taught) ",邱亭雅 ,"2
2/0/0",2,通識,"一10,11",共同教室大樓321,62,link,保留新生18人.全英語授課；選課前請至通識教育中心網頁瀏覽各學系不採計通識課程列表。
3,,7304050,1,"與黑白鍵共舞 - 鋼琴合作的實務與展現
Dancing with the Black and White keys : The collaboration of piano performance and its practice",黃富琴 ,"2
2/0/0",2,通識,"五4,5",共同教室大樓106階梯教室,40,link,保留新生11人.修課學生須俱備鋼琴彈奏基礎；選課前請至通識教育中心網頁瀏覽各學系不採計通識課程列表。
3,人文思維與生命探索,7305002,1,"基督信仰與西方近代科學
Christian Belief and Modern Sciences in the Western World",許佳振 ,"2
2/0/0",2,通識,"四10,11",物理館206,90,link,保留新生25人.選課前請至通識教育中心網頁瀏覽各學系不採計通識課程列表。
3,人文思維與生命探索,7305005,1,"臺灣原住民的宗教與祭儀文化
The Religion and Ritual Culture of Taiwan Aboriginal",卜袞 教師未定 ,"2
2/0/0",2,通識,"五8,9",共同教室大樓206,60,link,"保留新生18人. ,列入本土語言與文化實踐學分學程科目 ,列入原住民族語言、文化創意與應用學分學程科目選課前請至通識教育中心網頁瀏覽各學系不採計通識課程列表。"
3,,7306054,1,"中正講座－向典範學習(二十五)
Chung Cheng Lectures-Learning from the Masters(XXV)",黃俊儒 ,"2
2/0/0",2,通識,"四10,11",共同教室大樓214,50,link,保留新生15人.
3,,7306054,2,"中正講座－向典範學習(二十五)
Chung Cheng Lectures-Learning from the Masters(XXV)",王秋玲 ,"2
2/0/0",2,通識,"四10,11",共同教室大樓321,50,link,保留新生15人.
3,,7306054,3,"中正講座－向典範學習(二十五)
Chung Cheng Lectures-Learning from the Masters(XXV)",楊家瑜 ,"2
2/0/0",2,通識,"四10,11",共同教室大樓207,50,link,保留新生15人.
4,經濟與國際脈動,7400001,1,"全球化下的跨國人口流動
International Migration",林平 ,"2
2/0/0",2,通識,"四10,11",社科院二館102,40,link,保留新生11人.選課前請至通識教育中心網頁瀏覽各學系不採計通識課程列表。
4,人文思維與生命探索,7400005,1,"猶太民族的歷史文化與政經法制
Historical Culture and Political-Economic Laws of the Jewish People",曾品傑 ,"2
2/0/0",2,通識,"一10,11",共同教室大樓213,62,link,保留新生18人.選課前請至通識教育中心網頁瀏覽各學系不採計通識課程列表。
4,人文思維與生命探索,7400016,1,"友善性別關係
Gender Relationship",蕭湘鳳 ,"2
2/0/0",2,通識,"三8,9",共同教室大樓206,60,link,保留新生18人.選課前請至通識教育中心網頁瀏覽各學系不採計通識課程列表。
4,人文思維與生命探索,7400017,1,"愛情與文學
Love and Literature",蕭湘鳳 ,"2
2/0/0",2,通識,"四8,9",共同教室大樓206,60,link,保留新生18人.選課前請至通識教育中心網頁瀏覽各學系不採計通識課程列表。
4,公民與社會參與,7400022,1,"部落經濟發展與臺灣社會
Tribal Economic Developme",劉孝明 ,"2
2/0/0",2,通識,"五8,9",共同教室大樓202,60,link,"保留新生18人. ,列入原住民族語言、文化創意與應用學分學程科目選課前請至通識教育中心網頁瀏覽各學系不採計通識課程列表。"
4,公民與社會參與,7400030,1,"民主視角下的教育哲學
Educational philosophy from a democratic perspective",林耕漢 ,"2
2/0/0",2,通識,"五7,8",共同教室大樓201,60,link,保留新生18人.
4,,7400031,1,"認識職場安全
Introduction to Workplace Safety",陳俊益 ,"2
2/0/0",2,通識,"四10,11",共同教室大樓420,62,link,保留新生18人.
4,人文思維與生命探索,7401020,1,"心理衛生與適應
Mental Health and Adjustment",陳怡華 ,"2
2/0/0",2,通識,"二2,3",教育二館233,42,link,保留新生11人; 擋修犯防系.選課前請至通識教育中心網頁瀏覽各學系不採計通識課程列表。
4,公民與社會參與,7402014,1,"全球化與當代社會
Globalization and the Modern Society",蔡蕙如 ,"2
2/0/0",2,通識,"一8,9",共同教室大樓420,62,link,保留新生18人.選課前請至通識教育中心網頁瀏覽各學系不採計通識課程列表。
4,公民與社會參與,7402014,2,"全球化與當代社會
Globalization and the Modern Society",蔡蕙如 ,"2
2/0/0",2,通識,"一10,11",共同教室大樓420,62,link,保留新生18人.選課前請至通識教育中心網頁瀏覽各學系不採計通識課程列表。
4,經濟與國際脈動,7402036,1,"透視台商與台僑
Overseas  Taiwanese  Immigrants and Businesses",朱柔若 ,"2
2/0/0",2,通識,"三4,5",社科院328,20,link,保留新生7人; 擋修勞工系.選課前請至通識教育中心網頁瀏覽各學系不採計通識課程列表。
4,公民與社會參與,7402040,1,"媒體素養
Media Literacy",陳怡璇 ,"2
2/0/0",2,通識,"二10,11",社科院119,90,link,保留新生25人; 擋修傳播系.
4,經濟與國際脈動,7402049,1,"資本主義在經濟與社會中的兩面
Everything You Want to Know about Capitalism, but Were Afraid to Ask
(全英語授課/English-taught) ",黃國治 ,"2
2/0/0",2,通識,"四10,11",共同教室大樓423,30,link,保留新生11人.全英語授課；選課前請至通識教育中心網頁瀏覽各學系不採計通識課程列表。
4,公民與社會參與,7402050,1,"僑民社會學
Sociology of Diaspora
(全英語授課/English-taught) ",朱柔若 ,"2
2/0/0",2,通識,"三2,3",社科院328,20,link,保留新生7人; 擋修勞工系.選課前請至通識教育中心網頁瀏覽各學系不採計通識課程列表。
4,經濟與國際脈動,7403003,1,"當前國內外情勢分析
Analysis of Domestic and International Situation",蔡榮祥 ,"2
2/0/0",2,通識,"一4,5",共同教室大樓213,62,link,保留新生18人.選課前請至通識教育中心網頁瀏覽各學系不採計通識課程列表。
4,經濟與國際脈動,7403006,1,"文化與國際政治
Cultural Forces in World Politics",邱昭憲 ,"2
2/0/0",2,通識,"四8,9",共同教室大樓419,90,link,保留新生25人.選課前請至通識教育中心網頁瀏覽各學系不採計通識課程列表。
4,經濟與國際脈動,7403007,1,"國際關係與亞太安全概論
An Introduction to International Relations and Asia-Pacific Security Situation",林泰和 ,"2
2/0/0",2,通識,"三8,9",共同教室大樓315,90,link,保留新生25人.選課前請至通識教育中心網頁瀏覽各學系不採計通識課程列表。
4,公民與社會參與,7404017,1,"勞工法與企業經營
Labor Law and Business Management",楊通軒 ,"2
2/0/0",2,通識,"三10,11",社科院326,60,link,保留新生18人; 擋修勞工系.選課前請至通識教育中心網頁瀏覽各學系不採計通識課程列表。
4,公民與社會參與,7404018,1,"憲法－基本人權
Constitution Law-Basic Human Rights",李仁淼 ,"2
2/0/0",2,通識,"三8,9",法學院101階梯教室,90,link,保留新生25人; 擋修法律系法學組法制組財法系.選課前請至通識教育中心網頁瀏覽各學系不採計通識課程列表。
4,經濟與國際脈動,7404025,1,"全球化的犯罪抗制
Combating Global Crime",馬躍中 ,"2
2/0/0",2,通識,"三4,5",教育二館336,58,link,保留新生16人.選課前請至通識教育中心網頁瀏覽各學系不採計通識課程列表。
4,公民與社會參與,7404038,1,"戰後我國憲法與憲政發展
Post-war Taiwan Constitution and Constitutional Development",謝三榮 ,"2
2/0/0",2,通識,"一8,9",共同教室大樓422,60,link,保留新生25人; 擋修政治系法律系法學組法制組財法系.選課前請至通識教育中心網頁瀏覽各學系不採計通識課程列表。
4,公民與社會參與,7404038,2,"戰後我國憲法與憲政發展
Post-war Taiwan Constitution and Constitutional Development",謝三榮 ,"2
2/0/0",2,通識,"一10,11",共同教室大樓422,90,link,保留新生25人; 擋修政治系法律系法學組法制組財法系.選課前請至通識教育中心網頁瀏覽各學系不採計通識課程列表。
4,經濟與國際脈動,7405006,1,"生活經濟學
Everyday Economics",蔡仰虔 ,"3
3/0/0",3,通識,"二7,8,9",共同教室大樓420,62,link,保留新生18人; 擋修社福系經濟學系財金系會資系.選課前請至通識教育中心網頁瀏覽各學系不採計通識課程列表。
4,經濟與國際脈動,7405010,1,"認識台灣經濟
Understanding the Taiwanese Economy",蔡仰虔 ,"2
2/0/0",2,通識,"二10,11",共同教室大樓420,62,link,"保留新生18人; 擋修經濟學系財金系會資系. ,列入本土語言與文化實踐學分學程科目選課前請至通識教育中心網頁瀏覽各學系不採計通識課程列表。"
4,經濟與國際脈動,7405013,1,"認識中國經濟
Understanding the China Economy",翁世芳 ,"2
2/0/0",2,通識,"二8,9",共同教室大樓401,60,link,保留新生20人; 擋修經濟學系財金系會資系.選課前請至通識教育中心網頁瀏覽各學系不採計通識課程列表。
4,經濟與國際脈動,7405014,1,"經濟與國家發展
Economics and Country Development",翁世芳 ,"2
2/0/0",2,通識,"二4,5",共同教室大樓401,60,link,保留新生20人; 擋修經濟學系財金所會資系.選課前請至通識教育中心網頁瀏覽各學系不採計通識課程列表。
4,經濟與國際脈動,7405014,2,"經濟與國家發展
Economics and Country Development
(全英語授課/English-taught) ",翁世芳 ,"2
2/0/0",2,通識,"三8,9",共同教室大樓401,60,link,保留新生20人; 擋修經濟學系財金系會資系.選課前請至通識教育中心網頁瀏覽各學系不採計通識課程列表。
4,經濟與國際脈動,7405019,1,"金融科技導論
Introduction to Financial Technology",洪育忠 ,"2
2/0/0",2,通識,"二10,11",創新大樓163,60,link,保留新生18人; 擋修財金系企管系會資系.選課前請至通識教育中心網頁瀏覽各學系不採計通識課程列表。
4,經濟與國際脈動,7406018,1,"理財與生活
Financial Management in Life",洪育忠 ,"2
2/0/0",2,通識,"一4,5",創新大樓163,60,link,保留新生18人; 擋修經濟學系財金系企管系會資系資管系.選課前請至通識教育中心網頁瀏覽各學系不採計通識課程列表。
4,經濟與國際脈動,7406018,2,"理財與生活
Financial Management in Life",洪育忠 ,"2
2/0/0",2,通識,"一10,11",創新大樓163,60,link,保留新生18人; 擋修經濟學系財金系企管系會資系資管系.選課前請至通識教育中心網頁瀏覽各學系不採計通識課程列表。
4,經濟與國際脈動,7406032,1,"財務管理概論
Introduction to Financial management",沈伯凡 ,"2
2/0/0",2,通識,"三9,10",共同教室大樓204,62,link,保留新生18人; 擋修經濟學系財金系企管系會資系資管系.選課前請至通識教育中心網頁瀏覽各學系不採計通識課程列表。
4,經濟與國際脈動,7406032,2,"財務管理概論
Introduction to Financial management",張宏州 ,"2
2/0/0",2,通識,"三4,5",共同教室大樓420,62,link,保留新生18人; 擋修經濟學系財金系企管系會資系資管系.選課前請至通識教育中心網頁瀏覽各學系不採計通識課程列表。
4,經濟與國際脈動,7406032,3,"財務管理概論
Introduction to Financial management",黃柏雄 ,"2
2/0/0",2,通識,"一8,9",共同教室大樓204,62,link,保留新生18人; 擋修經濟學系財金系企管系會資系資管系.選課前請至通識教育中心網頁瀏覽各學系不採計通識課程列表。
4,經濟與國際脈動,7406035,1,"國際人力資源管理
International Human Resource Management",王秋玲 ,"2
2/0/0",2,通識,"二4,5",共同教室大樓322,62,link,保留新生18人; 擋修企管系資管系.選課前請至通識教育中心網頁瀏覽各學系不採計通識課程列表。
4,經濟與國際脈動,7406036,1,"投資規劃與生活
Investment Planning and Life",莊益源 ,"2
2/0/0",2,通識,"一7,8",管理學院201,60,link,保留新生18人; 擋修經濟學系財金系企管系會資系資管系.選課前請至通識教育中心網頁瀏覽各學系不採計通識課程列表。
4,公民與社會參與,7406039,1,"解碼職場習慣領域
Decoding Habitual Domains in the Workplace
(全英語授課/English-taught) ",朱柔若 ,"2
2/0/0",2,通識,"二10,11",社科院328,20,link,保留新生7人; 擋修勞工系.全英授課；選課前請至通識教育中心網頁瀏覽各學系不採計通識課程列表。
4,人文思維與生命探索,7407012,1,"生命教育
Life Education",張菀珍 ,"2
2/0/0",2,通識,"二10,11",教育二館135,60,link,保留新生25人.選課前請至通識教育中心網頁瀏覽各學系不採計通識課程列表。
4,人文思維與生命探索,7407013,1,"職涯規劃
Career Plan",王秋玲 ,"2
2/0/0",2,通識,"三4,5",共同教室大樓322,62,link,保留新生18人; 擋修紫荊不分系學士學位學程.選課前請至通識教育中心網頁瀏覽各學系不採計通識課程列表。
4,人文思維與生命探索,7407014,1,"人際關係與人際溝通
Human Relations & Interpersonal Communication",王秋玲 ,"2
2/0/0",2,通識,"三10,11",共同教室大樓321,62,link,保留新生18人.選課前請至通識教育中心網頁瀏覽各學系不採計通識課程列表。
4,公民與社會參與,7407026,1,"服務學習：高齡健康促進
Service Leaning: Health Promotion for the Elderly",何璧如 ,"2
2/0/0",2,通識,"二4,5",共同教室大樓205,50,link,"保留新生15人. ,列入長者人權門診跨域學分學程科目選課前請至通識教育中心網頁瀏覽各學系不採計通識課程列表。本課程為社會服務學習課程，修課學生需前往校外合作單位進行服務，建議備有交通工具或駕照者為佳。"
4,公民與社會參與,7407026,2,"服務學習：高齡健康促進
Service Leaning: Health Promotion for the Elderly",何璧如 ,"2
2/0/0",2,通識,"二7,8",共同教室大樓205,50,link,"保留新生15人. ,列入長者人權門診跨域學分學程科目選課前請至通識教育中心網頁瀏覽各學系不採計通識課程列表。本課程為社會服務學習課程，修課學生需前往校外合作單位進行服務，建議備有交通工具或駕照者為佳。"
4,公民與社會參與,7407027,1,"服務學習：課輔知能在補救教學的應用
Service Learning: The Application of Knowledge and Skills in Remedial Teaching",林妙香 ,"2
2/0/0",2,通識,"四2,3",共同教室大樓214,50,link,保留新生15人.選課前請至通識教育中心網頁瀏覽各學系不採計通識課程列表。本課程為社會服務學習課程，修課學生需前往校外合作單位進行服務，建議備有交通工具或駕照者為佳。
4,公民與社會參與,7407027,2,"服務學習：課輔知能在補救教學的應用
Service Learning: The Application of Knowledge and Skills in Remedial Teaching",林妙香 ,"2
2/0/0",2,通識,"四4,5",共同教室大樓214,50,link,保留新生15人.選課前請至通識教育中心網頁瀏覽各學系不採計通識課程列表。本課程為社會服務學習課程，修課學生需前往校外合作單位進行服務，建議備有交通工具或駕照者為佳。
4,公民與社會參與,7407027,3,"服務學習：課輔知能在補救教學的應用
Service Learning: The Application of Knowledge and Skills in Remedial Teaching",林妙香 ,"2
2/0/0",2,通識,"五2,3",共同教室大樓214,50,link,保留新生15人.選課前請至通識教育中心網頁瀏覽各學系不採計通識課程列表。本課程為社會服務學習課程，修課學生需前往校外合作單位進行服務，建議備有交通工具或駕照者為佳。
4,公民與社會參與,7407027,4,"服務學習：課輔知能在補救教學的應用
Service Learning: The Application of Knowledge and Skills in Remedial Teaching",謝寧惠 ,"2
2/0/0",2,通識,"四4,5",共同教室大樓207,50,link,保留新生15人.選課前請至通識教育中心網頁瀏覽各學系不採計通識課程列表。本課程為社會服務學習課程，修課學生需前往校外合作單位進行服務，建議備有交通工具或駕照者為佳。
4,公民與社會參與,7407027,5,"服務學習：課輔知能在補救教學的應用
Service Learning: The Application of Knowledge and Skills in Remedial Teaching",何璧如 ,"2
2/0/0",2,通識,"三4,5",共同教室大樓205,50,link,保留新生15人.選課前請至通識教育中心網頁瀏覽各學系不採計通識課程列表。本課程為社會服務學習課程，修課學生需前往校外合作單位進行服務，建議備有交通工具或駕照者為佳。
4,公民與社會參與,7407027,6,"服務學習：課輔知能在補救教學的應用
Service Learning: The Application of Knowledge and Skills in Remedial Teaching",何璧如 ,"2
2/0/0",2,通識,"三7,8",共同教室大樓205,50,link,保留新生15人.選課前請至通識教育中心網頁瀏覽各學系不採計通識課程列表。本課程為社會服務學習課程，修課學生需前往校外合作單位進行服務，建議備有交通工具或駕照者為佳。
4,公民與社會參與,7407028,1,"服務學習：友善校園宣導計畫
Service Learning: The Propaganda of Friendly Campus",林妙香 ,"2
2/0/0",2,通識,"五4,5",共同教室大樓214,50,link,保留新生15人.選課前請至通識教育中心網頁瀏覽各學系不採計通識課程列表。本課程為社會服務學習課程，修課學生需前往校外合作單位進行服務，建議備有交通工具或駕照者為佳。
4,公民與社會參與,7407030,1,"服務學習：校內行政單位
Service Learning: On-Campus Administrative Units",李洸楚 ,"2
2/0/0",2,通識,"五8,9",共同教室大樓207,50,link,保留新生15人; 擋修經濟學系財金系.選課前請至通識教育中心網頁瀏覽各學系不採計通識課程列表。本課程為社會服務學習課程。修課學生服務單位為本校衛保組及雲嘉青年志工中心，無交通工具者可選修此課程。
4,公民與社會參與,7407031,1,"服務學習：校內學生社團
Service Learning: On-Campus Student Clubs",李洸楚 ,"2
2/0/0",2,通識,"一4,5",共同教室大樓207,50,link,保留新生15人; 擋修經濟學系財金系.選課前請至通識教育中心網頁瀏覽各學系不採計通識課程列表。本課程為社會服務學習課程，提供對於社團經營及社團服務學習活動有興趣的學生之修課管道。選修這門課的同學需要分組自行規畫服務方案並執行。
4,自然科學與技術,7407033,1,"服務學習：當代健康議題
Current Health Issues and Service Learning",謝寧惠 ,"2
2/0/0",2,通識,"四2,3",共同教室大樓207,50,link,保留新生15人.選課前請至通識教育中心網頁瀏覽各學系不採計通識課程列表。本課程為社會服務學習課程，修課學生需前往校外合作單位進行服務，建議備有交通工具或駕照者為佳。請修課學生確認9/21可出席服務，若無法出席，請勿選課。
4,公民與社會參與,7407034,1,"服務學習：導覽故宮南院
Service Learning: Docenting at Southern Branch of the National Palace Museum",蔡翔任 ,"2
2/0/0",2,通識,"三4,5",共同教室大樓207,50,link,保留新生15人.選課前請至通識教育中心網頁瀏覽各學系不採計通識課程列表。本課程為社會服務學習課程，修課學生需前往校外合作單位進行服務，建議備有交通工具或駕照者為佳。
4,公民與社會參與,7407034,2,"服務學習：導覽故宮南院
Service Learning: Docenting at Southern Branch of the National Palace Museum",廖浿晴 ,"2
2/0/0",2,通識,"五4,5",共同教室大樓208,50,link,保留新生15人.選課前請至通識教育中心網頁瀏覽各學系不採計通識課程列表。本課程為社會服務學習課程，修課學生需前往校外合作單位進行服務，建議備有交通工具或駕照者為佳。
4,公民與社會參與,7407035,1,"服務學習：校外合作單位
Service-Learning: Community Engagement",李洸楚 ,"2
2/0/0",2,通識,"五4,5",共同教室大樓207,50,link,保留新生15人.選課前請至通識教育中心網頁瀏覽各學系不採計通識課程列表。本課程為社會服務學習課程，修課學生需前往校外合作單位進行服務，建議備有交通工具或駕照者為佳。
4,人文思維與生命探索,7407036,1,"道德與溝通教育的實踐與推廣
Practice and Promotion of Morality and Communication Education",林明傑 ,"2
2/0/0",2,通識,"四2,3",共同教室大樓202,50,link,保留新生15人.選課前請至通識教育中心網頁瀏覽各學系不採計通識課程列表。本課程為社會服務學習課程之「認證型課程」，修課學生需前往校外合作單位進行服務，建議備有交通工具或駕照者為佳。
2,自然科學與技術,7500004,1,"電影中的科學
Science in films",黃俊儒 ,"2
2/0/0",2,通識,"二8,9",共同教室大樓214,62,link,.限大二以上學生選修；選課前請至通識教育中心網頁瀏覽各學系不採計通識課程列表。
2,能源、環境與生態,7500010,1,"永續綠生活
Sustainable Green Life",黃佳盛 ,"2
2/0/0",2,通識,"二10,11",共同教室大樓206,60,link,"保留新生18人. ,列入循環科技與永續發展學分學程科目 ,列入淨零排放微學程科目選課前請至通識教育中心網頁瀏覽各學系不採計通識課程列表。"
2,能源、環境與生態,7500010,2,"永續綠生活
Sustainable Green Life",黃佳盛 ,"2
2/0/0",2,通識,"二4,5",共同教室大樓206,60,link,"保留新生18人. ,列入循環科技與永續發展學分學程科目 ,列入淨零排放微學程科目選課前請至通識教育中心網頁瀏覽各學系不採計通識課程列表。"
2,能源、環境與生態,7500014,1,"永續都市規劃概論
Introducation to Sustainable Urban Planning",蔡中暉 ,"2
2/0/0",2,通識,"二7,8",共同教室大樓201,60,link,"保留新生18人. ,列入循環科技與永續發展學分學程科目選課前請至通識教育中心網頁瀏覽各學系不採計通識課程列表。"
2,能源、環境與生態,7500015,1,"環境倫理－從綠色產業談起
Environmental Ethics from the Viewpoint of Green Industry",李振卿 ,"2
2/0/0",2,通識,"三7,8",共同教室大樓325,60,link,"保留新生18人. ,列入循環科技與永續發展學分學程科目 ,列入淨零排放微學程科目選課前請至通識教育中心網頁瀏覽各學系不採計通識課程列表。"
2,能源、環境與生態,7500016,1,"永續發展
Sustainable Development",李振卿 ,"2
2/0/0",2,通識,"三4,5",共同教室大樓325,60,link,"保留新生18人. ,列入電子商務學程科目 ,列入循環科技與永續發展學分學程科目 ,列入淨零排放微學程科目選課前請至通識教育中心網頁瀏覽各學系不採計通識課程列表。"
2,能源、環境與生態,7500017,1,"氣候變遷調適與防災
Climate Change Adaptation and Disasters Protection",李振卿 ,"2
2/0/0",2,通識,"四7,8",共同教室大樓420,62,link,"保留新生18人. ,列入循環科技與永續發展學分學程科目選課前請至通識教育中心網頁瀏覽各學系不採計通識課程列表。"
2,能源、環境與生態,7500018,1,"土壤與環境生態
Soils and Environmental Ecology",黃文樹 ,"2
2/0/0",2,通識,"四11,12",共同教室大樓208,40,link,"保留新生11人. ,列入循環科技與永續發展學分學程科目選課前請至通識教育中心網頁瀏覽各學系不採計通識課程列表。"
2,自然科學與技術,7500021,1,"科學飲茶實務
Practice on scientific tea drinking",許偉庭 ,"2
2/0/0",2,通識,"二8,9",共同教室大樓207,40,link,保留新生11人.選課前請至通識教育中心網頁瀏覽各學系不採計通識課程列表。
2,自然科學與技術,7500021,2,"科學飲茶實務
Practice on scientific tea drinking",許偉庭 ,"2
2/0/0",2,通識,"二10,11",共同教室大樓207,40,link,保留新生11人.選課前請至通識教育中心網頁瀏覽各學系不採計通識課程列表。
2,能源、環境與生態,7500028,1,"永續綠能新契機
Hope for Sustainable Green Energy",李振卿 ,"2
2/0/0",2,通識,"四4,5",共同教室大樓420,62,link,"保留新生18人; 擋修電機系. ,列入循環科技與永續發展學分學程科目 ,列入淨零排放微學程科目選課前請至通識教育中心網頁瀏覽各學系不採計通識課程列表。"
2,能源、環境與生態,7500032,1,"環境生態學
Environmental Ecology",陳榮盛 ,"2
2/0/0",2,通識,"二10,11",共同教室大樓203,60,link,保留新生18人; 擋修地環系.選課前請至通識教育中心網頁瀏覽各學系不採計通識課程列表。
2,能源、環境與生態,7500035,1,"淨零排放對企業的衝擊與因應
Mitigating the impact of Net-Zero Emission Policy on Enterprise",陳永松 ,"2
2/0/0",2,通識,"三8,9",共同教室大樓422,90,link,"保留新生25人. ,列入淨零排放微學程科目選課前請至通識教育中心網頁瀏覽各學系不採計通識課程列表。"
2,自然科學與技術,7501019,1,"近代物理史-從地心說到宇宙論
History of Modern Physics: From Geocentric Model to Cosmology",李進榮 ,"2
2/0/0",2,通識,"二10,11",物理館206,90,link,保留新生25人.選課前請至通識教育中心網頁瀏覽各學系不採計通識課程列表。
2,自然科學與技術,7502002,1,"今日化工
Today Chemical enginnering",傅友君 ,"2
2/0/0",2,通識,"一8,9",共同教室大樓213,62,link,保留新生18人; 擋修物理系化工系.選課前請至通識教育中心網頁瀏覽各學系不採計通識課程列表。
2,自然科學與技術,7503012,1,"急救醫學
Emergency Medicine",楊仁宗 ,"2
2/0/0",2,通識,"一10,11",共同教室大樓401,70,link,保留新生20人.選課前請至通識教育中心網頁瀏覽各學系不採計通識課程列表。
2,資訊能力課程,7504019,1,"電腦遊戲設計導論
Introduction to Computer Game Programming",張漢呈 ,"2
2/0/0",2,通識,"三9,10",電算中心215教室,70,link,"保留新生20人; 擋修資管系. ,列入數位科技跨領域微學程科目選課前請至通識教育中心網頁瀏覽各學系不採計通識課程列表。"
2,能源、環境與生態,7505009,1,"臺灣的植物
Plants in Taiwan",黃佳盛 ,"2
2/0/0",2,通識,"二8,9",共同教室大樓206,60,link,保留新生18人.選課前請至通識教育中心網頁瀏覽各學系不採計通識課程列表，本課程為社會服務學習課程之「認證型課程」。
2,能源、環境與生態,7506002,1,"地震與防災
Earthquakes、Disasters and Protection",温怡瑛 ,"2
2/0/0",2,通識,"一4,5",地震館301,38,link,保留新生11人; 擋修地環系.選課前請至通識教育中心網頁瀏覽各學系不採計通識課程列表。
2,能源、環境與生態,7506007,1,"地球與環境科學
Earth and Environmental Sciences",張永孚 ,"2
2/0/0",2,通識,"五2,3",地震館302,85,link,"保留新生20人; 擋修地環系. ,列入循環科技與永續發展學分學程科目 ,列入淨零排放微學程科目選課前請至通識教育中心網頁瀏覽各學系不採計通識課程列表。"
2,能源、環境與生態,7506009,1,"野外地質探索
Introduction to Field Geology",謝孟龍 ,"2
2/0/0",2,通識,"五10,11",地震館102,35,link,保留新生16人; 擋修地環系.擋修地環系.1.本課程為野外課，沒有加野外課的同學以不級格論。 2.野外行徑部分非觀光路線，歡迎愛好自然、對探險有興趣的同學參加。 3.有懼高症、心臟病的同學不宜參加。 4.野外食宿、交通、保險費等費用共約四千元（多退少補）。 5.因課程須至校外，為方便控管，故限制修課人數。
2,自然科學與技術,7506011,1,"漫遊宇宙101個天體
Introduction to 101 Astronomical Objects",李昫岱 ,"2
2/0/0",2,通識,"二4,5",共同教室大樓208,60,link,保留新生18人.選課前請至通識教育中心網頁瀏覽各學系不採計通識課程列表。
2,自然科學與技術,7506012,1,"星空探索
Exploring the Sky",李昫岱 ,"2
2/0/0",2,通識,"二2,3",共同教室大樓208,60,link,保留新生18人.選課前請至通識教育中心網頁瀏覽各學系不採計通識課程列表。
2,自然科學與技術,7506012,2,"星空探索
Exploring the Sky",李昫岱 ,"2
2/0/0",2,通識,"二7,8",共同教室大樓208,60,link,保留新生18人.選課前請至通識教育中心網頁瀏覽各學系不採計通識課程列表。
2,能源、環境與生態,7506013,1,"台灣地質探索-恆春半島地質調查
Introduction of Geological Survey in Taiwan - Case of Hengchun Peninsula",陳嘉俞 ,"2
2/0/0",2,通識,"二10,11",地震館302,36,link,保留新生20人; 擋修地環系.選課前請至通識教育中心網頁瀏覽各學系不採計通識課程列表。1. 本課程有三天(五六日)為野外課程時間。 2. 本課程不提供公假，僅提供野外實習證明（上課證明），若野外時間與其他課程衝突，請先經過該課程老師同意後再進行簽選。 3. 請確認自己身體健康、四肢活動正常，未患心臟病、癌症、氣喘，且未有懷孕與其他不應參加劇烈野外活動的情形。若有上述情形，則不建議參加本課程。 4. 野外課程中須步入河谷、礫石灘及攀爬珊瑚礁，選課前請衡量自身身體狀況。 5. 野外定金用於繳納遊覽車、旅館及餐廳預訂，請務必確認行事曆公告之各時間是否可以出席，野外定金一旦繳交即不退費！ 6. 因課程須至校外，為方便控管，故限制修課人數。
2,自然科學與技術,7506014,1,"天文概論與觀測
Introduction of Astronomy and Observation",謝立宜 ,"2
2/0/0",2,通識,"二13,14",共同教室大樓506,30,link,保留新生9人.選課前請至通識教育中心網頁瀏覽各學系不採計通識課程列表。
2,自然科學與技術,7506014,2,"天文概論與觀測
Introduction of Astronomy and Observation",謝立宜 ,"2
2/0/0",2,通識,"三13,14",共同教室大樓506,30,link,保留新生9人.選課前請至通識教育中心網頁瀏覽各學系不採計通識課程列表。
2,自然科學與技術,7507003,1,"建築與防震
Aseismic Concepts for Building Structures",蔡中暉 ,"2
2/0/0",2,通識,"三7,8",共同教室大樓201,60,link,保留新生18人.選課前請至通識教育中心網頁瀏覽各學系不採計通識課程列表。
2,自然科學與技術,7507004,1,"今日汽車
Modern Vehicle",劉政益 ,"2
2/0/0",2,通識,"四4,5",工學院B館116,90,link,保留新生25人.選課前請至通識教育中心網頁瀏覽各學系不採計通識課程列表。
2,資訊能力課程,7507009,1,"資訊安全導論
Introduction to Information Security",王俊堯 黃柏森 ,"2
2/0/0",2,通識,"四11,12",電算中心215教室,60,link,"保留新生20人; 擋修資工系電機系化工系通訊系會資系資管系. ,列入資通安全學程(1091起停辦)科目 ,列入數位科技跨領域微學程科目選課前請至通識教育中心網頁瀏覽各學系不採計通識課程列表。"
2,資訊能力課程,7507013,1,"資訊科技應用
Applications of Information Technology",余泳儒 ,"2
2/0/0",2,通識,"二11,12",電算中心216教室,40,link,"保留新生11人; 擋修資工系電機系通訊系資管系. ,列入數位科技跨領域微學程科目選課前請至通識教育中心網頁瀏覽各學系不採計通識課程列表。"
2,資訊能力課程,7507013,2,"資訊科技應用
Applications of Information Technology",余泳儒 ,"2
2/0/0",2,通識,"三11,12",電算中心216教室,40,link,"保留新生11人; 擋修資工系電機系通訊系資管系. ,列入數位科技跨領域微學程科目選課前請至通識教育中心網頁瀏覽各學系不採計通識課程列表。"
2,能源、環境與生態,7507014,1,"綠色建築概論
An Introduction to Green Architecture",蔡中暉 ,"2
2/0/0",2,通識,"二4,5",共同教室大樓201,60,link,"保留新生15人. ,列入循環科技與永續發展學分學程科目選課前請至通識教育中心網頁瀏覽各學系不採計通識課程列表。"
2,資訊能力課程,7507018,1,"巨量資料分析與應用
Big Data Analytics and Applications",張漢呈 ,"2
2/0/0",2,通識,"三11,12",電算中心215教室,70,link,"保留新生20人; 擋修資工系資管系. ,列入人工智慧跨領域微學程科目 ,列入數位科技跨領域微學程科目選課前請至通識教育中心網頁瀏覽各學系不採計通識課程列表。"
2,資訊能力課程,7507019,1,"資訊創意
Information Innovation",范崇碩 ,"2
2/0/0",2,通識,"一8,9",電算中心215教室,40,link,"保留新生11人; 擋修資工系電機系通訊系資管系. ,列入人工智慧跨領域微學程科目 ,列入數位科技跨領域微學程科目擋修資工系電機系通訊系資管系；本課程為社會服務學習課程之「認證型課程」，修課學生需前往校外合作單位進行服務，建議備有交通工具或駕照者為佳；選課前請至通識教育中心網頁瀏覽各學系不採計通識課程列表。"
2,資訊能力課程,7507019,2,"資訊創意
Information Innovation",李俊宏 ,"2
2/0/0",2,通識,"五4,5",電算中心214教室,38,link,"保留新生11人; 擋修資工系電機系通訊系資管系. ,列入人工智慧跨領域微學程科目 ,列入數位科技跨領域微學程科目擋修資工系電機系通訊系資管系；選課前請至通識教育中心網頁瀏覽各學系不採計通識課程列表。"
2,資訊能力課程,7507020,1,"計算思維與程式設計
Computational Thinking and Programming",范崇碩 ,"2
2/0/0",2,通識,"二4,5",電算中心215教室,40,link,"保留新生11人; 擋修資工系電機系機械系通訊系會資系資管系. ,列入人工智慧跨領域微學程科目 ,列入數位科技跨領域微學程科目選課前請至通識教育中心網頁瀏覽各學系不採計通識課程列表。"
2,資訊能力課程,7507022,1,"機器人探索與應用
Robotic Exploration and Applications",范崇碩 ,"2
2/0/0",2,通識,"一4,5",共同教室大樓302TEAL教室,40,link,"保留新生11人; 擋修資工系電機系. ,列入人工智慧跨領域微學程科目 ,列入數位科技跨領域微學程科目選課前請至通識教育中心網頁瀏覽各學系不採計通識課程列表。"
2,自然科學與技術,7507026,1,"生活中的資料科學
Data Science in Real Life",鍾峰宜 ,"2
2/0/0",2,通識,"四8,9",電算中心216教室,40,link,"保留新生11人; 擋修資工系電機系通訊系會資系資管系. ,列入人工智慧跨領域微學程科目 ,列入數位科技跨領域微學程科目選課前請至通識教育中心網頁瀏覽各學系不採計通識課程列表。"
2,資訊能力課程,7507030,1,"無人機探索與應用
Drone Exploration and Application",范崇碩 ,"2
2/0/0",2,通識,"四8,9",電算中心217教室,30,link,"保留新生16人; 擋修電機系通訊系. ,列入數位科技跨領域微學程科目受限於無人機飛行場地及備設因素，本課程不開放加簽及旁聽；選課前請至通識教育中心網頁瀏覽各學系不採計通識課程列表。"
2,資訊能力課程,7507031,1,"深度學習在人工智慧的應用
Applications of Deep Learning in Artificial Intelligence",蘇淵源 ,"2
2/0/0",2,通識,"二10,11",電算中心215教室,40,link,"保留新生11人; 擋修資工系電機系會資系資管系. ,列入人工智慧跨領域微學程科目選課前請至通識教育中心網頁瀏覽各學系不採計通識課程列表。"
2,資訊能力課程,7507032,1,"生成式人工智慧應用實務
The Generative AI Practical and Applications",簡廷軒 ,"2
2/0/0",2,通識,"三8,9",電算中心216教室,40,link,保留新生11人; 擋修資工系電機系通訊系會資系資管系.選課前請至通識教育中心網頁瀏覽各學系不採計通識課程列表。
1,,9021001,1,"體育（一）
Physical Education (I)",林玉瓊 ,"2
2/0/0",0,必修,"一4,5",體育館1,55,link,保留新生50人; 支援中文系一年級.1.大一隨班上課，限本系(班)生修，不得跑班2.大一必修科目：游泳、體適能
1,,9021001,2,"體育（一）
Physical Education (I)",邱耀志 ,"2
2/0/0",0,必修,"一4,5",體育館2,55,link,保留新生50人; 支援外文系一年級.1.大一隨班上課，限本系(班)生修，不得跑班2.大一必修科目：游泳、體適能
1,,9021001,3,"體育（一）
Physical Education (I)",沈緯鈞 ,"2
2/0/0",0,必修,"一4,5",體育館3,55,link,保留新生50人; 支援歷史系一年級.1.大一隨班上課，限本系(班)生修，不得跑班2.大一必修科目：游泳、體適能
1,,9021001,4,"體育（一）
Physical Education (I)",吳君毅 ,"2
2/0/0",0,必修,"一4,5",體育館4,55,link,保留新生50人; 支援哲學系一年級.1.大一隨班上課，限本系(班)生修，不得跑班2.大一必修科目：游泳、體適能
1,,9021001,5,"體育（一）
Physical Education (I)",曾沈連魁 ,"2
2/0/0",0,必修,"三4,5",體育館5,55,link,保留新生50人; 支援社福系一年級.1.大一隨班上課，限本系(班)生修，不得跑班2.大一必修科目：游泳、體適能
1,,9021001,6,"體育（一）
Physical Education (I)",呂祐玫 ,"2
2/0/0",0,必修,"一4,5",體育館5,55,link,保留新生50人; 支援心理系一年級.1.大一隨班上課，限本系(班)生修，不得跑班2.大一必修科目：游泳、體適能
1,,9021001,7,"體育（一）
Physical Education (I)",林玉瓊 ,"2
2/0/0",0,必修,"一8,9",體育館1,55,link,保留新生50人; 支援經濟學系一年級A班.1.大一隨班上課，限本系(班)生修，不得跑班2.大一必修科目：游泳、體適能
1,,9021001,8,"體育（一）
Physical Education (I)",呂祐玫 ,"2
2/0/0",0,必修,"一8,9",體育館2,55,link,保留新生50人; 支援財金系一年級A班.1.大一隨班上課，限本系(班)生修，不得跑班2.大一必修科目：游泳、體適能
1,,9021001,9,"體育（一）
Physical Education (I)",龔泰源 ,"2
2/0/0",0,必修,"一8,9",體育館3,55,link,保留新生50人; 支援財金系一年級B班.1.大一隨班上課，限本系(班)生修，不得跑班2.大一必修科目：游泳、體適能
1,,9021001,10,"體育（一）
Physical Education (I)",龔泰源 ,"2
2/0/0",0,必修,"一10,11",體育館1,55,link,保留新生50人; 支援經濟學系一年級B班.1.大一隨班上課，限本系(班)生修，不得跑班2.大一必修科目：游泳、體適能
1,,9021001,11,"體育（一）
Physical Education (I)",莊麗燕 ,"2
2/0/0",0,必修,"一10,11",體育館2,55,link,保留新生50人; 支援企管系一年級A班.1.大一隨班上課，限本系(班)生修，不得跑班2.大一必修科目：游泳、體適能
1,,9021001,12,"體育（一）
Physical Education (I)",邱耀志 ,"2
2/0/0",0,必修,"一10,11",體育館3,55,link,保留新生50人; 支援企管系一年級B班.1.大一隨班上課，限本系(班)生修，不得跑班2.大一必修科目：游泳、體適能
1,,9021001,13,"體育（一）
Physical Education (I)",楊亮梅 ,"2
2/0/0",0,必修,"一10,11",體育館4,55,link,保留新生50人; 支援犯防系一年級.1.大一隨班上課，限本系(班)生修，不得跑班2.大一必修科目：游泳、體適能
1,,9021001,14,"體育（一）
Physical Education (I)",吳君毅 ,"2
2/0/0",0,必修,"三4,5",體育館1,55,link,保留新生50人; 支援財法系一年級.1.大一隨班上課，限本系(班)生修，不得跑班2.大一必修科目：游泳、體適能
1,,9021001,15,"體育（一）
Physical Education (I)",呂祐玫 ,"2
2/0/0",0,必修,"一10,11",體育館5,55,link,保留新生50人; 支援法學組一年級.1.大一隨班上課，限本系(班)生修，不得跑班2.大一必修科目：游泳、體適能
1,,9021001,16,"體育（一）
Physical Education (I)",邱秀玲 ,"2
2/0/0",0,必修,"一10,11",體育館6,55,link,保留新生50人; 支援法制組一年級.1.大一隨班上課，限本系(班)生修，不得跑班2.大一必修科目：游泳、體適能
1,,9021001,17,"體育（一）
Physical Education (I)",陳進祥 ,"2
2/0/0",0,必修,"三4,5",體育館2,55,link,保留新生50人; 支援勞工系一年級.1.大一隨班上課，限本系(班)生修，不得跑班2.大一必修科目：游泳、體適能
1,,9021001,18,"體育（一）
Physical Education (I)",呂祐玫 ,"2
2/0/0",0,必修,"三4,5",體育館3,55,link,保留新生50人; 支援政治系一年級.1.大一隨班上課，限本系(班)生修，不得跑班2.大一必修科目：游泳、體適能
1,,9021001,19,"體育（一）
Physical Education (I)",王瑞任 ,"2
2/0/0",0,必修,"三4,5",體育館4,55,link,保留新生50人; 支援傳播系一年級.1.大一隨班上課，限本系(班)生修，不得跑班2.大一必修科目：游泳、體適能
1,,9021001,20,"體育（一）
Physical Education (I)",吳君毅 ,"2
2/0/0",0,必修,"三8,9",體育館1,55,link,保留新生50人; 支援電機系一年級A班.1.大一隨班上課，限本系(班)生修，不得跑班2.大一必修科目：游泳、體適能
1,,9021001,21,"體育（一）
Physical Education (I)",林玉瓊 ,"2
2/0/0",0,必修,"三8,9",體育館2,55,link,保留新生50人; 支援電機系一年級B班.1.大一隨班上課，限本系(班)生修，不得跑班2.大一必修科目：游泳、體適能
1,,9021001,22,"體育（一）
Physical Education (I)",陳進祥 ,"2
2/0/0",0,必修,"三8,9",體育館3,55,link,保留新生50人; 支援機械系一年級A班.1.大一隨班上課，限本系(班)生修，不得跑班2.大一必修科目：游泳、體適能
1,,9021001,23,"體育（一）
Physical Education (I)",劉淑燕 ,"2
2/0/0",0,必修,"三8,9",體育館4,55,link,保留新生50人; 支援機械系一年級B班.1.大一隨班上課，限本系(班)生修，不得跑班2.大一必修科目：游泳、體適能
1,,9021001,24,"體育（一）
Physical Education (I)",王瑞任 ,"2
2/0/0",0,必修,"三8,9",體育館5,55,link,保留新生50人; 支援化工系一年級.1.大一隨班上課，限本系(班)生修，不得跑班2.大一必修科目：游泳、體適能
1,,9021001,25,"體育（一）
Physical Education (I)",劉淑燕 ,"2
2/0/0",0,必修,"三10,11",體育館1,55,link,保留新生50人; 支援資工系一年級A班.1.大一隨班上課，限本系(班)生修，不得跑班2.大一必修科目：游泳、體適能
1,,9021001,26,"體育（一）
Physical Education (I)",曾沈連魁 ,"2
2/0/0",0,必修,"三10,11",體育館2,55,link,保留新生50人; 支援資工系一年級B班.1.大一隨班上課，限本系(班)生修，不得跑班2.大一必修科目：游泳、體適能
1,,9021001,27,"體育（一）
Physical Education (I)",陳進祥 ,"2
2/0/0",0,必修,"三10,11",體育館3,55,link,保留新生50人; 支援會資系一年級.1.大一隨班上課，限本系(班)生修，不得跑班2.大一必修科目：游泳、體適能
1,,9021001,28,"體育（一）
Physical Education (I)",林玉瓊 ,"2
2/0/0",0,必修,"三10,11",體育館4,55,link,保留新生50人; 支援資管系一年級.1.大一隨班上課，限本系(班)生修，不得跑班2.大一必修科目：游泳、體適能
1,,9021001,29,"體育（一）
Physical Education (I)",吳君毅 ,"2
2/0/0",0,必修,"三10,11",體育館5,55,link,保留新生50人; 支援成教系一年級.1.大一隨班上課，限本系(班)生修，不得跑班2.大一必修科目：游泳、體適能
1,,9021001,30,"體育（一）
Physical Education (I)",龔泰源 ,"2
2/0/0",0,必修,"五8,9",體育館1,55,link,保留新生50人; 支援數學系一年級.1.大一隨班上課，限本系(班)生修，不得跑班2.大一必修科目：游泳、體適能
1,,9021001,31,"體育（一）
Physical Education (I)",沈緯鈞 ,"2
2/0/0",0,必修,"五8,9",體育館2,55,link,保留新生50人; 支援物理系一年級.1.大一隨班上課，限本系(班)生修，不得跑班2.大一必修科目：游泳、體適能
1,,9021001,32,"體育（一）
Physical Education (I)",王文郁 ,"2
2/0/0",0,必修,"五8,9",體育館3,55,link,保留新生50人; 支援化暨生化系一年級.1.大一隨班上課，限本系(班)生修，不得跑班2.大一必修科目：游泳、體適能
1,,9021001,33,"體育（一）
Physical Education (I)",陳奇鈺 ,"2
2/0/0",0,必修,"五8,9",體育館4,55,link,保留新生50人; 支援地環系一年級.1.大一隨班上課，限本系(班)生修，不得跑班2.大一必修科目：游泳、體適能
1,,9021001,34,"體育（一）
Physical Education (I)",邱秀玲 ,"2
2/0/0",0,必修,"五8,9",體育館5,55,link,保留新生50人; 支援生醫系一年級.1.大一隨班上課，限本系(班)生修，不得跑班2.大一必修科目：游泳、體適能
1,,9021001,35,"體育（一）
Physical Education (I)",邱耀志 ,"2
2/0/0",0,必修,"五8,9",體育館6,55,link,保留新生50人; 支援通訊系一年級.1.大一隨班上課，限本系(班)生修，不得跑班2.大一必修科目：游泳、體適能
1,,9021001,36,"體育（一）
Physical Education (I)",莊麗燕 ,"2
2/0/0",0,必修,"五8,9",體育館7,55,link,保留新生50人; 支援紫荊不分系學士學位學程一年級.1.大一隨班上課，限本系(班)生修，不得跑班2.大一必修科目：游泳、體適能
1,,9021091,1,"體育（特別班一）
Physical Education (I)",邱秀玲 ,"2
2/0/0",0,必修,"一13,14",體育館9,20,link,1.本班為身體情況不適激烈運動者，憑正式醫事證明始得選修；非屬本班上課對象者請勿選修2.第一堂課於體育館第一會議室門口集合，之後由教師於課堂上說明上課地點，缺課不知上課地點者，請自行詢問上課同學。
2,,9022201,1,"體育：羽球（一）
Physical Education: Badminton（Ｉ）",李淑芳 ,"2
2/0/0",0,必修,"二4,5",羽球館1,45,link,支援資工系資管系犯防系紫荊不分系學士學位學程二年級A班B班.限本系生修.1.學士班一、二年級學生修習體育課需依規定每學期選課，如需重修(補修)者必須選原年級原學期之體育課程。2.選修課(大三/大四體育課)不得抵免必修體育課(大一/大二體育課)。3.體育課程選課人數以選課系統公告為主，如有特殊情況應先經體育中心教學活動組審核同意後，再送任課教師同意後簽章，始得加選。4.各班級保留5個名額，優先提供當學期轉學生修課，如遇該班級人數已滿，請有需求的同學於加退選期間持加簽到至體育中心辦理，先搶先贏。
2,,9022201,2,"體育：羽球（一）
Physical Education: Badminton（Ｉ）",陳永洲 ,"2
2/0/0",0,必修,"二8,9",羽球館1,45,link,支援財金系企管系紫荊不分系學士學位學程二年級A班B班.限本系生修.1.學士班一、二年級學生修習體育課需依規定每學期選課，如需重修(補修)者必須選原年級原學期之體育課程。2.選修課(大三/大四體育課)不得抵免必修體育課(大一/大二體育課)。3.體育課程選課人數以選課系統公告為主，如有特殊情況應先經體育中心教學活動組審核同意後，再送任課教師同意後簽章，始得加選。4.各班級保留5個名額，優先提供當學期轉學生修課，如遇該班級人數已滿，請有需求的同學於加退選期間持加簽到至體育中心辦理，先搶先贏。
2,,9022201,3,"體育：羽球（一）
Physical Education: Badminton（Ｉ）",王文郁 ,"2
2/0/0",0,必修,"四8,9",羽球館1,45,link,支援地環系社福系心理系勞工系傳播系化工系紫荊不分系學士學位學程二年級.限本系生修.1.學士班一、二年級學生修習體育課需依規定每學期選課，如需重修(補修)者必須選原年級原學期之體育課程。2.選修課(大三/大四體育課)不得抵免必修體育課(大一/大二體育課)。3.體育課程選課人數以選課系統公告為主，如有特殊情況應先經體育中心教學活動組審核同意後，再送任課教師同意後簽章，始得加選。4.各班級保留5個名額，優先提供當學期轉學生修課，如遇該班級人數已滿，請有需求的同學於加退選期間持加簽到至體育中心辦理，先搶先贏。
2,,9022201,4,"體育：羽球（一）
Physical Education: Badminton（Ｉ）",沈緯鈞 ,"2
2/0/0",0,必修,"五4,5",羽球館1,45,link,支援數學系化暨生化系電機系經濟學系法學組法制組紫荊不分系學士學位學程二年級A班B班.限本系生修.1.學士班一、二年級學生修習體育課需依規定每學期選課，如需重修(補修)者必須選原年級原學期之體育課程。2.選修課(大三/大四體育課)不得抵免必修體育課(大一/大二體育課)。3.體育課程選課人數以選課系統公告為主，如有特殊情況應先經體育中心教學活動組審核同意後，再送任課教師同意後簽章，始得加選。4.各班級保留5個名額，優先提供當學期轉學生修課，如遇該班級人數已滿，請有需求的同學於加退選期間持加簽到至體育中心辦理，先搶先贏。
2,,9022201,5,"體育：羽球（一）
Physical Education: Badminton（Ｉ）",沈緯鈞 ,"2
2/0/0",0,必修,"五10,11",羽球館1,45,link,支援外文系物理系生醫系政治系機械系通訊系紫荊不分系學士學位學程二年級A班B班.限本系生修.1.學士班一、二年級學生修習體育課需依規定每學期選課，如需重修(補修)者必須選原年級原學期之體育課程。2.選修課(大三/大四體育課)不得抵免必修體育課(大一/大二體育課)。3.體育課程選課人數以選課系統公告為主，如有特殊情況應先經體育中心教學活動組審核同意後，再送任課教師同意後簽章，始得加選。4.各班級保留5個名額，優先提供當學期轉學生修課，如遇該班級人數已滿，請有需求的同學於加退選期間持加簽到至體育中心辦理，先搶先贏。
2,,9022201,6,"體育：羽球（一）
Physical Education: Badminton（Ｉ）",邱秀玲 ,"2
2/0/0",0,必修,"四10,11",羽球館1,45,link,1.學士班一、二年級學生修習體育課需依規定每學期選課，如需重修(補修)者必須選原年級原學期之體育課程。2.選修課(大三/大四體育課)不得抵免必修體育課(大一/大二體育課)。3.體育課程選課人數以選課系統公告為主，如有特殊情況應先經體育中心教學活動組審核同意後，再送任課教師同意後簽章，始得加選。4.各班級保留5個名額，優先提供當學期轉學生修課，如遇該班級人數已滿，請有需求的同學於加退選期間持加簽到至體育中心辦理，先搶先贏。
2,,9022201,7,"體育：羽球（一）
Physical Education: Badminton（Ｉ）",王文郁 ,"2
2/0/0",0,必修,"四4,5",羽球館1,45,link,支援中文系歷史系哲學系會資系財法系成教系紫荊不分系學士學位學程二年級.限本系生修.1.學士班一、二年級學生修習體育課需依規定每學期選課，如需重修(補修)者必須選原年級原學期之體育課程。2.選修課(大三/大四體育課)不得抵免必修體育課(大一/大二體育課)。3.體育課程選課人數以選課系統公告為主，如有特殊情況應先經體育中心教學活動組審核同意後，再送任課教師同意後簽章，始得加選。4.各班級保留5個名額，優先提供當學期轉學生修課，如遇該班級人數已滿，請有需求的同學於加退選期間持加簽到至體育中心辦理，先搶先贏。
2,,9022203,2,"體育：網球（一）
Physical Education: Tennis（Ⅰ）",李元宏 ,"2
2/0/0",0,必修,"四8,9",網球場1,45,link,支援地環系社福系心理系勞工系傳播系化工系紫荊不分系學士學位學程二年級A班B班.限本系生修.1.學士班一、二年級學生修習體育課需依規定每學期選課，如需重修(補修)者必須選原年級原學期之體育課程。2.選修課(大三/大四體育課)不得抵免必修體育課(大一/大二體育課)。3.體育課程選課人數以選課系統公告為主，如有特殊情況應先經體育中心教學活動組審核同意後，再送任課教師同意後簽章，始得加選。4.各班級保留5個名額，優先提供當學期轉學生修課，如遇該班級人數已滿，請有需求的同學於加退選期間持加簽到至體育中心辦理，先搶先贏。
2,,9022203,3,"體育：網球（一）
Physical Education: Tennis（Ⅰ）",邱秀玲 ,"2
2/0/0",0,必修,"五10,11",網球場1,45,link,支援外文系物理系生醫系政治系機械系通訊系紫荊不分系學士學位學程二年級A班B班.限本系生修.1.學士班一、二年級學生修習體育課需依規定每學期選課，如需重修(補修)者必須選原年級原學期之體育課程。2.選修課(大三/大四體育課)不得抵免必修體育課(大一/大二體育課)。3.體育課程選課人數以選課系統公告為主，如有特殊情況應先經體育中心教學活動組審核同意後，再送任課教師同意後簽章，始得加選。4.各班級保留5個名額，優先提供當學期轉學生修課，如遇該班級人數已滿，請有需求的同學於加退選期間持加簽到至體育中心辦理，先搶先贏。
2,,9022205,1,"體育：籃球（一）
Physical Education: Basketball（Ⅰ）",余文章 ,"2
2/0/0",0,必修,"五2,3",室內籃球場,45,link,1.學士班一、二年級學生修習體育課需依規定每學期選課，如需重修(補修)者必須選原年級原學期之體育課程。2.選修課(大三/大四體育課)不得抵免必修體育課(大一/大二體育課)。3.體育課程選課人數以選課系統公告為主，如有特殊情況應先經體育中心教學活動組審核同意後，再送任課教師同意後簽章，始得加選。4.各班級保留5個名額，優先提供當學期轉學生修課，如遇該班級人數已滿，請有需求的同學於加退選期間持加簽到至體育中心辦理，先搶先贏。
2,,9022205,2,"體育：籃球（一）
Physical Education: Basketball（Ⅰ）",余文章 ,"2
2/0/0",0,必修,"二2,3",室內籃球場,45,link,1.學士班一、二年級學生修習體育課需依規定每學期選課，如需重修(補修)者必須選原年級原學期之體育課程。2.選修課(大三/大四體育課)不得抵免必修體育課(大一/大二體育課)。3.體育課程選課人數以選課系統公告為主，如有特殊情況應先經體育中心教學活動組審核同意後，再送任課教師同意後簽章，始得加選。4.各班級保留5個名額，優先提供當學期轉學生修課，如遇該班級人數已滿，請有需求的同學於加退選期間持加簽到至體育中心辦理，先搶先贏。
2,,9022205,3,"體育：籃球（一）
Physical Education: Basketball（Ⅰ）",何承訓 ,"2
2/0/0",0,必修,"四8,9",室內籃球場,45,link,支援地環系社福系心理系勞工系傳播系化工系紫荊不分系學士學位學程二年級.1.學士班一、二年級學生修習體育課需依規定每學期選課，如需重修(補修)者必須選原年級原學期之體育課程。2.選修課(大三/大四體育課)不得抵免必修體育課(大一/大二體育課)。3.體育課程選課人數以選課系統公告為主，如有特殊情況應先經體育中心教學活動組審核同意後，再送任課教師同意後簽章，始得加選。4.各班級保留5個名額，優先提供當學期轉學生修課，如遇該班級人數已滿，請有需求的同學於加退選期間持加簽到至體育中心辦理，先搶先贏。
2,,9022205,4,"體育：籃球（一）
Physical Education: Basketball（Ⅰ）",余文章 ,"2
2/0/0",0,必修,"五4,5",室內籃球場,45,link,支援數學系化暨生化系電機系經濟學系法學組法制組紫荊不分系學士學位學程二年級A班B班.限本系生修.1.學士班一、二年級學生修習體育課需依規定每學期選課，如需重修(補修)者必須選原年級原學期之體育課程。2.選修課(大三/大四體育課)不得抵免必修體育課(大一/大二體育課)。3.體育課程選課人數以選課系統公告為主，如有特殊情況應先經體育中心教學活動組審核同意後，再送任課教師同意後簽章，始得加選。4.各班級保留5個名額，優先提供當學期轉學生修課，如遇該班級人數已滿，請有需求的同學於加退選期間持加簽到至體育中心辦理，先搶先贏。
2,,9022205,5,"體育：籃球（一）
Physical Education: Basketball（Ⅰ）",陳虔倖 ,"2
2/0/0",0,必修,"二10,11",室內籃球場,45,link,1.學士班一、二年級學生修習體育課需依規定每學期選課，如需重修(補修)者必須選原年級原學期之體育課程。2.選修課(大三/大四體育課)不得抵免必修體育課(大一/大二體育課)。3.體育課程選課人數以選課系統公告為主，如有特殊情況應先經體育中心教學活動組審核同意後，再送任課教師同意後簽章，始得加選。4.各班級保留5個名額，優先提供當學期轉學生修課，如遇該班級人數已滿，請有需求的同學於加退選期間持加簽到至體育中心辦理，先搶先贏。
2,,9022207,1,"體育：排球（一）
Physical Education: Volleyball（Ⅰ）",呂祐玫 ,"2
2/0/0",0,必修,"五4,5",室內排球場,45,link,支援數學系化暨生化系電機系經濟學系法學組法制組紫荊不分系學士學位學程二年級A班B班.1.學士班一、二年級學生修習體育課需依規定每學期選課，如需重修(補修)者必須選原年級原學期之體育課程。2.選修課(大三/大四體育課)不得抵免必修體育課(大一/大二體育課)。3.體育課程選課人數以選課系統公告為主，如有特殊情況應先經體育中心教學活動組審核同意後，再送任課教師同意後簽章，始得加選。4.各班級保留5個名額，優先提供當學期轉學生修課，如遇該班級人數已滿，請有需求的同學於加退選期間持加簽到至體育中心辦理，先搶先贏。
2,,9022207,3,"體育：排球（一）
Physical Education: Volleyball（Ⅰ）",林明輝 ,"2
2/0/0",0,必修,"四4,5",室內排球場,45,link,支援中文系歷史系哲學系會資系財法系成教系紫荊不分系學士學位學程二年級.限本系生修.1.學士班一、二年級學生修習體育課需依規定每學期選課，如需重修(補修)者必須選原年級原學期之體育課程。2.選修課(大三/大四體育課)不得抵免必修體育課(大一/大二體育課)。3.體育課程選課人數以選課系統公告為主，如有特殊情況應先經體育中心教學活動組審核同意後，再送任課教師同意後簽章，始得加選。4.各班級保留5個名額，優先提供當學期轉學生修課，如遇該班級人數已滿，請有需求的同學於加退選期間持加簽到至體育中心辦理，先搶先贏。
2,,9022209,1,"體育：桌球（一）
Physical Education: Table Tennis（Ⅰ）",陳俊民 ,"2
2/0/0",0,必修,"二4,5",桌球教室,40,link,支援資工系資管系犯防系紫荊不分系學士學位學程二年級A班B班.限本系生修.1.學士班一、二年級學生修習體育課需依規定每學期選課，如需重修(補修)者必須選原年級原學期之體育課程。2.選修課(大三/大四體育課)不得抵免必修體育課(大一/大二體育課)。3.體育課程選課人數以選課系統公告為主，如有特殊情況應先經體育中心教學活動組審核同意後，再送任課教師同意後簽章，始得加選。4.各班級保留5個名額，優先提供當學期轉學生修課，如遇該班級人數已滿，請有需求的同學於加退選期間持加簽到至體育中心辦理，先搶先贏。
2,,9022209,2,"體育：桌球（一）
Physical Education: Table Tennis（Ⅰ）",陳俊民 ,"2
2/0/0",0,必修,"四4,5",桌球教室,40,link,支援中文系歷史系哲學系會資系財法系成教系紫荊不分系學士學位學程二年級.限本系生修.1.學士班一、二年級學生修習體育課需依規定每學期選課，如需重修(補修)者必須選原年級原學期之體育課程。2.選修課(大三/大四體育課)不得抵免必修體育課(大一/大二體育課)。3.體育課程選課人數以選課系統公告為主，如有特殊情況應先經體育中心教學活動組審核同意後，再送任課教師同意後簽章，始得加選。4.各班級保留5個名額，優先提供當學期轉學生修課，如遇該班級人數已滿，請有需求的同學於加退選期間持加簽到至體育中心辦理，先搶先贏。
2,,9022209,3,"體育：桌球（一）
Physical Education: Table Tennis（Ⅰ）",王文郁 ,"2
2/0/0",0,必修,"五4,5",桌球教室,40,link,支援數學系化暨生化系電機系經濟學系法學組法制組紫荊不分系學士學位學程二年級A班B班.限本系生修.1.學士班一、二年級學生修習體育課需依規定每學期選課，如需重修(補修)者必須選原年級原學期之體育課程。2.選修課(大三/大四體育課)不得抵免必修體育課(大一/大二體育課)。3.體育課程選課人數以選課系統公告為主，如有特殊情況應先經體育中心教學活動組審核同意後，再送任課教師同意後簽章，始得加選。4.各班級保留5個名額，優先提供當學期轉學生修課，如遇該班級人數已滿，請有需求的同學於加退選期間持加簽到至體育中心辦理，先搶先贏。
2,,9022209,4,"體育：桌球（一）
Physical Education: Table Tennis（Ⅰ）",龔泰源 ,"2
2/0/0",0,必修,"五10,11",桌球教室,40,link,支援外文系物理系生醫系政治系機械系通訊系二年級A班B班.限本系生修.1.學士班一、二年級學生修習體育課需依規定每學期選課，如需重修(補修)者必須選原年級原學期之體育課程。2.選修課(大三/大四體育課)不得抵免必修體育課(大一/大二體育課)。3.體育課程選課人數以選課系統公告為主，如有特殊情況應先經體育中心教學活動組審核同意後，再送任課教師同意後簽章，始得加選。4.各班級保留5個名額，優先提供當學期轉學生修課，如遇該班級人數已滿，請有需求的同學於加退選期間持加簽到至體育中心辦理，先搶先贏。
2,,9022211,1,"體育：撞球（一）
Physical Education: Snooker（Ⅰ）",廖俊儒 ,"2
2/0/0",0,必修,"二8,9",中正撞球部,45,link,支援財金系企管系二年級A班B班.限本系生修.本課程需收球檯費用1.學士班一、二年級學生修習體育課需依規定每學期選課，如需重修(補修)者必須選原年級原學期之體育課程。2.選修課(大三/大四體育課)不得抵免必修體育課(大一/大二體育課)。3.體育課程選課人數以選課系統公告為主，如有特殊情況應先經體育中心教學活動組審核同意後，再送任課教師同意後簽章，始得加選。4.各班級保留5個名額，優先提供當學期轉學生修課，如遇該班級人數已滿，請有需求的同學於加退選期間持加簽到至體育中心辦理，先搶先贏。
2,,9022215,1,"體育：壘球（一）
Physical Education: Softball（Ⅰ）",邱耀志 ,"2
2/0/0",0,必修,"五10,11",壘球場1,45,link,支援外文系物理系生醫系政治系機械系通訊系紫荊不分系學士學位學程二年級A班B班.限本系生修.1.學士班一、二年級學生修習體育課需依規定每學期選課，如需重修(補修)者必須選原年級原學期之體育課程。2.選修課(大三/大四體育課)不得抵免必修體育課(大一/大二體育課)。3.體育課程選課人數以選課系統公告為主，如有特殊情況應先經體育中心教學活動組審核同意後，再送任課教師同意後簽章，始得加選。4.各班級保留5個名額，優先提供當學期轉學生修課，如遇該班級人數已滿，請有需求的同學於加退選期間持加簽到至體育中心辦理，先搶先贏。
2,,9022217,1,"體育：足球（一）
Physical Education: Soccer（Ⅰ）",王文郁 ,"2
2/0/0",0,必修,"五10,11",足球場,45,link,支援外文系物理系生醫系政治系機械系通訊系紫荊不分系學士學位學程二年級A班B班.限本系生修.1.學士班一、二年級學生修習體育課需依規定每學期選課，如需重修(補修)者必須選原年級原學期之體育課程。2.選修課(大三/大四體育課)不得抵免必修體育課(大一/大二體育課)。3.體育課程選課人數以選課系統公告為主，如有特殊情況應先經體育中心教學活動組審核同意後，再送任課教師同意後簽章，始得加選。4.各班級保留5個名額，優先提供當學期轉學生修課，如遇該班級人數已滿，請有需求的同學於加退選期間持加簽到至體育中心辦理，先搶先贏。
2,,9022221,1,"體育：高爾夫（一）
Physical Education:Golf（Ⅰ）",王順正 ,"2
2/0/0",0,必修,"二8,9",高爾夫球場1,45,link,支援財金系企管系紫荊不分系學士學位學程二年級A班B班.限本系生修.1.學士班一、二年級學生修習體育課需依規定每學期選課，如需重修(補修)者必須選原年級原學期之體育課程。2.選修課(大三/大四體育課)不得抵免必修體育課(大一/大二體育課)。3.體育課程選課人數以選課系統公告為主，如有特殊情況應先經體育中心教學活動組審核同意後，再送任課教師同意後簽章，始得加選。4.各班級保留5個名額，優先提供當學期轉學生修課，如遇該班級人數已滿，請有需求的同學於加退選期間持加簽到至體育中心辦理，先搶先贏。
2,,9022221,2,"體育：高爾夫（一）
Physical Education:Golf（Ⅰ）",王順正 ,"2
2/0/0",0,必修,"五4,5",高爾夫球場1,45,link,支援數學系化暨生化系電機系經濟學系法學組法制組紫荊不分系學士學位學程二年級A班B班.限本系生修.1.學士班一、二年級學生修習體育課需依規定每學期選課，如需重修(補修)者必須選原年級原學期之體育課程。2.選修課(大三/大四體育課)不得抵免必修體育課(大一/大二體育課)。3.體育課程選課人數以選課系統公告為主，如有特殊情況應先經體育中心教學活動組審核同意後，再送任課教師同意後簽章，始得加選。4.各班級保留5個名額，優先提供當學期轉學生修課，如遇該班級人數已滿，請有需求的同學於加退選期間持加簽到至體育中心辦理，先搶先贏。
2,,9022221,3,"體育：高爾夫（一）
Physical Education:Golf（Ⅰ）",王順正 ,"2
2/0/0",0,必修,"四4,5",高爾夫球場1,45,link,支援中文系歷史系哲學系會資系財法系成教系紫荊不分系學士學位學程二年級A班B班.限本系生修.1.學士班一、二年級學生修習體育課需依規定每學期選課，如需重修(補修)者必須選原年級原學期之體育課程。2.選修課(大三/大四體育課)不得抵免必修體育課(大一/大二體育課)。3.體育課程選課人數以選課系統公告為主，如有特殊情況應先經體育中心教學活動組審核同意後，再送任課教師同意後簽章，始得加選。4.各班級保留5個名額，優先提供當學期轉學生修課，如遇該班級人數已滿，請有需求的同學於加退選期間持加簽到至體育中心辦理，先搶先贏。
2,,9022225,1,"體育：游泳（一）
Physical Education：Swimming（Ⅰ）",陳奇鈺 ,"2
2/0/0",0,必修,"五10,11",游泳池1,40,link,支援外文系物理系生醫系政治系機械系通訊系紫荊不分系學士學位學程二年級A班B班.限本系生修.1.學士班一、二年級學生修習體育課需依規定每學期選課，如需重修(補修)者必須選原年級原學期之體育課程。2.選修課(大三/大四體育課)不得抵免必修體育課(大一/大二體育課)。3.體育課程選課人數以選課系統公告為主，如有特殊情況應先經體育中心教學活動組審核同意後，再送任課教師同意後簽章，始得加選。4.各班級保留5個名額，優先提供當學期轉學生修課，如遇該班級人數已滿，請有需求的同學於加退選期間持加簽到至體育中心辦理，先搶先贏。
2,,9022227,1,"體育：射箭（一）
Physical Education: Archery（Ⅰ）",曾沈連魁 ,"2
2/0/0",0,必修,"四8,9",體育館10,40,link,支援地環系社福系心理系勞工系傳播系化工系紫荊不分系學士學位學程二年級.限本系生修.1.學士班一、二年級學生修習體育課需依規定每學期選課，如需重修(補修)者必須選原年級原學期之體育課程。2.選修課(大三/大四體育課)不得抵免必修體育課(大一/大二體育課)。3.體育課程選課人數以選課系統公告為主，如有特殊情況應先經體育中心教學活動組審核同意後，再送任課教師同意後簽章，始得加選。4.各班級保留5個名額，優先提供當學期轉學生修課，如遇該班級人數已滿，請有需求的同學於加退選期間持加簽到至體育中心辦理，先搶先贏。5.第一堂課請於體育館第一會議室前集合。後續上課地點為體育館二樓圓環空地(靠近健身房外側區域)
2,,9022227,2,"體育：射箭（一）
Physical Education: Archery（Ⅰ）",廖健男 ,"2
2/0/0",0,必修,"五4,5",射箭場,40,link,支援數學系化暨生化系電機系經濟學系法學組法制組紫荊不分系學士學位學程二年級A班B班.限本系生修.1.學士班一、二年級學生修習體育課需依規定每學期選課，如需重修(補修)者必須選原年級原學期之體育課程。2.選修課(大三/大四體育課)不得抵免必修體育課(大一/大二體育課)。3.體育課程選課人數以選課系統公告為主，如有特殊情況應先經體育中心教學活動組審核同意後，再送任課教師同意後簽章，始得加選。4.各班級保留5個名額，優先提供當學期轉學生修課，如遇該班級人數已滿，請有需求的同學於加退選期間持加簽到至體育中心辦理，先搶先贏。
2,,9022231,1,"體育：劍道（一）
Physical Education: Kendo（Ⅰ）",廖俊儒 ,"2
2/0/0",0,必修,"二10,11",體育館9,20,link,上課地點在羽球館木板場1.學士班一、二年級學生修習體育課需依規定每學期選課，如需重修(補修)者必須選原年級原學期之體育課程。2.選修課(大三/大四體育課)不得抵免必修體育課(大一/大二體育課)。3.體育課程選課人數以選課系統公告為主，如有特殊情況應先經體育中心教學活動組審核同意後，再送任課教師同意後簽章，始得加選。4.各班級保留5個名額，優先提供當學期轉學生修課，如遇該班級人數已滿，請有需求的同學於加退選期間持加簽到至體育中心辦理，先搶先贏。
2,,9022233,1,"體育：瑜珈（一）
Physical Education：Yoga（Ⅰ）",劉淑燕 ,"2
2/0/0",0,必修,"二2,3",技擊室1,45,link,1.學士班一、二年級學生修習體育課需依規定每學期選課，如需重修(補修)者必須選原年級原學期之體育課程。2.選修課(大三/大四體育課)不得抵免必修體育課(大一/大二體育課)。3.體育課程選課人數以選課系統公告為主，如有特殊情況應先經體育中心教學活動組審核同意後，再送任課教師同意後簽章，始得加選。4.各班級保留5個名額，優先提供當學期轉學生修課，如遇該班級人數已滿，請有需求的同學於加退選期間持加簽到至體育中心辦理，先搶先贏。
2,,9022233,2,"體育：瑜珈（一）
Physical Education：Yoga（Ⅰ）",劉淑燕 ,"2
2/0/0",0,必修,"二4,5",技擊室1,45,link,支援資工系資管系犯防系紫荊不分系學士學位學程二年級A班B班.限本系生修.1.學士班一、二年級學生修習體育課需依規定每學期選課，如需重修(補修)者必須選原年級原學期之體育課程。2.選修課(大三/大四體育課)不得抵免必修體育課(大一/大二體育課)。3.體育課程選課人數以選課系統公告為主，如有特殊情況應先經體育中心教學活動組審核同意後，再送任課教師同意後簽章，始得加選。4.各班級保留5個名額，優先提供當學期轉學生修課，如遇該班級人數已滿，請有需求的同學於加退選期間持加簽到至體育中心辦理，先搶先贏。
2,,9022233,3,"體育：瑜珈（一）
Physical Education：Yoga（Ⅰ）",莊麗燕 ,"2
2/0/0",0,必修,"五4,5",技擊室1,45,link,支援數學系化暨生化系電機系經濟學系法學組法制組紫荊不分系學士學位學程二年級.限本系生修.1.學士班一、二年級學生修習體育課需依規定每學期選課，如需重修(補修)者必須選原年級原學期之體育課程。2.選修課(大三/大四體育課)不得抵免必修體育課(大一/大二體育課)。3.體育課程選課人數以選課系統公告為主，如有特殊情況應先經體育中心教學活動組審核同意後，再送任課教師同意後簽章，始得加選。4.各班級保留5個名額，優先提供當學期轉學生修課，如遇該班級人數已滿，請有需求的同學於加退選期間持加簽到至體育中心辦理，先搶先贏。
2,,9022233,4,"體育：瑜珈（一）
Physical Education：Yoga（Ⅰ）",陳永洲 ,"2
2/0/0",0,必修,"二10,11",韻律教室1,45,link,1.學士班一、二年級學生修習體育課需依規定每學期選課，如需重修(補修)者必須選原年級原學期之體育課程。2.選修課(大三/大四體育課)不得抵免必修體育課(大一/大二體育課)。3.體育課程選課人數以選課系統公告為主，如有特殊情況應先經體育中心教學活動組審核同意後，再送任課教師同意後簽章，始得加選。4.各班級保留5個名額，優先提供當學期轉學生修課，如遇該班級人數已滿，請有需求的同學於加退選期間持加簽到至體育中心辦理，先搶先贏。
2,,9022235,1,"體育：活力有氧(一)
Physical Education: Aerobic Dance（Ⅰ）",王秀華 ,"2
2/0/0",0,必修,"二4,5",韻律教室1,45,link,支援資工系資管系犯防系紫荊不分系學士學位學程二年級A班B班.限本系生修.1.學士班一、二年級學生修習體育課需依規定每學期選課，如需重修(補修)者必須選原年級原學期之體育課程。2.選修課(大三/大四體育課)不得抵免必修體育課(大一/大二體育課)。3.體育課程選課人數以選課系統公告為主，如有特殊情況應先經體育中心教學活動組審核同意後，再送任課教師同意後簽章，始得加選。4.各班級保留5個名額，優先提供當學期轉學生修課，如遇該班級人數已滿，請有需求的同學於加退選期間持加簽到至體育中心辦理，先搶先贏。
2,,9022235,2,"體育：活力有氧(一)
Physical Education: Aerobic Dance（Ⅰ）",王秀華 ,"2
2/0/0",0,必修,"三2,3",韻律教室1,45,link,1.學士班一、二年級學生修習體育課需依規定每學期選課，如需重修(補修)者必須選原年級原學期之體育課程。2.選修課(大三/大四體育課)不得抵免必修體育課(大一/大二體育課)。3.體育課程選課人數以選課系統公告為主，如有特殊情況應先經體育中心教學活動組審核同意後，再送任課教師同意後簽章，始得加選。4.各班級保留5個名額，優先提供當學期轉學生修課，如遇該班級人數已滿，請有需求的同學於加退選期間持加簽到至體育中心辦理，先搶先贏。
2,,9022235,3,"體育：活力有氧(一)
Physical Education: Aerobic Dance（Ⅰ）",王秀華 ,"2
2/0/0",0,必修,"五4,5",韻律教室1,45,link,支援數學系化暨生化系電機系經濟學系法學組法制組紫荊不分系學士學位學程二年級A班B班.限本系生修.1.學士班一、二年級學生修習體育課需依規定每學期選課，如需重修(補修)者必須選原年級原學期之體育課程。2.選修課(大三/大四體育課)不得抵免必修體育課(大一/大二體育課)。3.體育課程選課人數以選課系統公告為主，如有特殊情況應先經體育中心教學活動組審核同意後，再送任課教師同意後簽章，始得加選。4.各班級保留5個名額，優先提供當學期轉學生修課，如遇該班級人數已滿，請有需求的同學於加退選期間持加簽到至體育中心辦理，先搶先贏。
2,,9022239,1,"體育：身材雕塑（一）
Physical Education: Body Sculpture (I)",李淑芳 ,"2
2/0/0",0,必修,"四8,9",韻律教室1,45,link,支援地環系社福系心理系勞工系傳播系化工系紫荊不分系學士學位學程二年級.限本系生修.1.學士班一、二年級學生修習體育課需依規定每學期選課，如需重修(補修)者必須選原年級原學期之體育課程。2.選修課(大三/大四體育課)不得抵免必修體育課(大一/大二體育課)。3.體育課程選課人數以選課系統公告為主，如有特殊情況應先經體育中心教學活動組審核同意後，再送任課教師同意後簽章，始得加選。4.各班級保留5個名額，優先提供當學期轉學生修課，如遇該班級人數已滿，請有需求的同學於加退選期間持加簽到至體育中心辦理，先搶先贏。
2,,9022239,2,"體育：身材雕塑（一）
Physical Education: Body Sculpture (I)",莊麗燕 ,"2
2/0/0",0,必修,"二2,3",韻律教室1,45,link,1.學士班一、二年級學生修習體育課需依規定每學期選課，如需重修(補修)者必須選原年級原學期之體育課程。2.選修課(大三/大四體育課)不得抵免必修體育課(大一/大二體育課)。3.體育課程選課人數以選課系統公告為主，如有特殊情況應先經體育中心教學活動組審核同意後，再送任課教師同意後簽章，始得加選。4.各班級保留5個名額，優先提供當學期轉學生修課，如遇該班級人數已滿，請有需求的同學於加退選期間持加簽到至體育中心辦理，先搶先贏。
2,,9022241,1,"體育：跆拳道（一）
Physical Education: Tae Kwon Do (I)",吳燕妮 ,"2
2/0/0",0,必修,"二8,9",技擊室1,45,link,支援財金系企管系紫荊不分系學士學位學程二年級A班B班.限本系生修.1.學士班一、二年級學生修習體育課需依規定每學期選課，如需重修(補修)者必須選原年級原學期之體育課程。2.選修課(大三/大四體育課)不得抵免必修體育課(大一/大二體育課)。3.體育課程選課人數以選課系統公告為主，如有特殊情況應先經體育中心教學活動組審核同意後，再送任課教師同意後簽章，始得加選。4.各班級保留5個名額，優先提供當學期轉學生修課，如遇該班級人數已滿，請有需求的同學於加退選期間持加簽到至體育中心辦理，先搶先贏。
2,,9022243,1,"體育：輕艇(一)
Physcial Education: Canoe (I)",邱耀志 ,"2
2/0/0",0,必修,"五4,5",游泳池1,30,link,支援數學系化暨生化系電機系經濟學系法學組法制組紫荊不分系學士學位學程二年級A班B班.限本系生修.1.學士班一、二年級學生修習體育課需依規定每學期選課，如需重修(補修)者必須選原年級原學期之體育課程。2.選修課(大三/大四體育課)不得抵免必修體育課(大一/大二體育課)。3.體育課程選課人數以選課系統公告為主，如有特殊情況應先經體育中心教學活動組審核同意後，再送任課教師同意後簽章，始得加選。4.各班級保留5個名額，優先提供當學期轉學生修課，如遇該班級人數已滿，請有需求的同學於加退選期間持加簽到至體育中心辦理，先搶先贏。
3,,9023003,1,"體育：進階網球（一）
Physical Education：Tennis－Advance (I)",李元宏 ,"2
2/0/0",1,選修,"四10,11",網球場1,40,link,本課程為進階課程，修課學生需具備基本網球能力再選課，此選修1學分之課程，不得取代大一、大二必修0學分之課程，請務必確認所需學分再行選課。
3,,9023075,1,"體育：壁球(一)
Physical Education: Squash (I)",程嘉彥 ,"2
2/0/0",1,選修,"四4,5",壁球教室,24,link,本課程為選修1學分之課程，不得取代大一、大二必修0學分之課程，請務必確認所需學分再行選課。
3,,9023087,1,"體育：進階高爾夫球（一）
Physical Education: Golf－Advance (I)",王順正 ,"2
2/0/0",1,選修,"四8,9",高爾夫球場1,40,link,本課程為選修1學分之課程，不得取代大一、大二必修0學分之課程，請務必確認所需學分再行選課。
